boite,ligne,colonne,concentration,date_ponte,data_comptage,entree1,entree2,nb_oeufs,compteur,test
P1,1,1,"1,2",16/08/19,19/08/19,0,0,0,JL,OK
P1,1,2,"0,15",16/08/19,19/08/19,0,0,0,JL,OK
P1,1,3,0,16/08/19,19/08/19,0,0,0,JL,OK
P1,1,4,"1,65",16/08/19,19/08/19,0,0,0,JL,OK
P1,2,1,"0,9",16/08/19,19/08/19,1,1,1,JL,OK
P1,2,2,"1,05",16/08/19,19/08/19,0,0,0,JL,OK
P1,2,3,"0,75",16/08/19,19/08/19,0,0,0,JL,OK
P1,2,4,"1,35",16/08/19,19/08/19,0,0,0,JL,OK
P1,3,1,"1,5",16/08/19,19/08/19,5,5,5,JL,OK
P1,3,2,"0,45",16/08/19,19/08/19,8,8,8,JL,OK
P1,3,3,"0,6",16/08/19,19/08/19,0,0,0,JL,OK
P1,3,4,"0,3",16/08/19,19/08/19,7,7,7,JL,OK
P2,1,1,"0,6",16/08/19,20/08/19,1,1,1,JL,OK
P2,1,2,"0,3",16/08/19,20/08/19,6,6,6,JL,OK
P2,1,3,"0,75",16/08/19,20/08/19,2,2,2,JL,OK
P2,1,4,"0,45",16/08/19,20/08/19,9,9,9,JL,OK
P2,2,1,"0,9",16/08/19,20/08/19,13,13,13,JL,OK
P2,2,2,"1,5",16/08/19,20/08/19,0,0,0,JL,OK
P2,2,3,"1,35",16/08/19,20/08/19,0,0,0,JL,OK
P2,2,4,0,16/08/19,20/08/19,0,0,0,JL,OK
P2,3,1,"1,2",16/08/19,20/08/19,1,1,1,JL,OK
P2,3,2,"0,15",16/08/19,20/08/19,7,7,7,JL,OK
P2,3,3,"1,05",16/08/19,20/08/19,1,1,1,JL,OK
P2,3,4,"1,65",16/08/19,20/08/19,8,8,8,JL,OK
P3,1,1,"1,05",16/08/19,20/08/19,1,1,1,JL,OK
P3,1,2,"0,6",16/08/19,20/08/19,0,0,0,JL,OK
P3,1,3,"0,75",16/08/19,20/08/19,0,0,0,JL,OK
P3,1,4,"0,15",16/08/19,20/08/19,0,0,0,JL,OK
P3,2,1,"0,9",16/08/19,20/08/19,0,0,0,JL,OK
P3,2,2,"0,3",16/08/19,20/08/19,1,1,1,JL,OK
P3,2,3,"1,5",16/08/19,20/08/19,0,0,0,JL,OK
P3,2,4,"0,45",16/08/19,20/08/19,0,0,0,JL,OK
P3,3,1,"1,2",16/08/19,20/08/19,10,10,10,JL,OK
P3,3,2,"1,35",16/08/19,20/08/19,6,6,6,JL,OK
P3,3,3,"1,65",16/08/19,20/08/19,0,0,0,JL,OK
P3,3,4,0,16/08/19,20/08/19,0,0,0,JL,OK
P4,1,1,0,16/08/19,19/08/19,35,35,35,JL,OK
P4,1,2,"0,45",16/08/19,19/08/19,0,0,0,JL,OK
P4,1,3,"0,6",16/08/19,19/08/19,0,0,0,JL,OK
P4,1,4,"1,65",16/08/19,19/08/19,0,0,0,JL,OK
P4,2,1,"1,2",16/08/19,19/08/19,1,1,1,JL,OK
P4,2,2,"1,5",16/08/19,19/08/19,0,0,0,JL,OK
P4,2,3,"1,05",16/08/19,19/08/19,2,2,2,JL,OK
P4,2,4,"0,9",16/08/19,19/08/19,0,0,0,JL,OK
P4,3,1,"0,75",16/08/19,19/08/19,0,0,0,JL,OK
P4,3,2,"0,3",16/08/19,19/08/19,13,13,13,JL,OK
P4,3,3,"0,15",16/08/19,19/08/19,0,0,0,JL,OK
P4,3,4,"1,35",16/08/19,19/08/19,0,0,0,JL,OK
P5,1,1,"1,2",16/08/19,20/08/19,0,0,0,JL,OK
P5,1,2,"0,15",16/08/19,20/08/19,2,2,2,JL,OK
P5,1,3,"0,9",16/08/19,20/08/19,0,0,0,JL,OK
P5,1,4,"1,5",16/08/19,20/08/19,3,3,3,JL,OK
P5,2,1,0,16/08/19,20/08/19,0,0,0,JL,OK
P5,2,2,"0,45",16/08/19,20/08/19,12,12,12,JL,OK
P5,2,3,"1,35",16/08/19,20/08/19,0,0,0,JL,OK
P5,2,4,"0,75",16/08/19,20/08/19,0,0,0,JL,OK
P5,3,1,"1,05",16/08/19,20/08/19,9,9,9,JL,OK
P5,3,2,"1,65",16/08/19,20/08/19,1,1,1,JL,OK
P5,3,3,"0,3",16/08/19,20/08/19,1,1,1,JL,OK
P5,3,4,"0,6",16/08/19,20/08/19,8,8,8,JL,OK
P6,1,1,"1,05",16/08/19,19/08/19,0,0,0,JL,OK
P6,1,2,"1,2",16/08/19,19/08/19,0,0,0,JL,OK
P6,1,3,0,16/08/19,19/08/19,4,4,4,JL,OK
P6,1,4,"1,35",16/08/19,19/08/19,1,1,1,JL,OK
P6,2,1,"0,45",16/08/19,19/08/19,0,0,0,JL,OK
P6,2,2,"0,6",16/08/19,19/08/19,1,1,1,JL,OK
P6,2,3,"0,15",16/08/19,19/08/19,0,0,0,JL,OK
P6,2,4,"0,9",16/08/19,19/08/19,3,3,3,JL,OK
P6,3,1,"1,5",16/08/19,19/08/19,0,0,0,JL,OK
P6,3,2,"1,65",16/08/19,19/08/19,0,0,0,JL,OK
P6,3,3,"0,3",16/08/19,19/08/19,0,0,0,JL,OK
P6,3,4,"0,75",16/08/19,19/08/19,0,0,0,JL,OK
P8,1,1,0,16/08/19,19/08/19,2,2,2,JL,OK
P8,1,2,"0,6",16/08/19,19/08/19,0,0,0,JL,OK
P8,1,3,"1,35",16/08/19,19/08/19,0,0,0,JL,OK
P8,1,4,"1,65",16/08/19,19/08/19,0,0,0,JL,OK
P8,2,1,"1,5",16/08/19,19/08/19,1,1,1,JL,OK
P8,2,2,"0,45",16/08/19,19/08/19,0,0,0,JL,OK
P8,2,3,"1,05",16/08/19,19/08/19,8,8,8,JL,OK
P8,2,4,"1,2",16/08/19,19/08/19,1,1,1,JL,OK
P8,3,1,"0,75",16/08/19,19/08/19,0,0,0,JL,OK
P8,3,2,"0,3",16/08/19,19/08/19,0,0,0,JL,OK
P8,3,3,"0,9",16/08/19,19/08/19,21,21,21,JL,OK
P8,3,4,"0,15",16/08/19,19/08/19,0,0,0,JL,OK
P10,1,1,"0,6",16/08/19,20/08/19,0,0,0,JL,OK
P10,1,2,"1,05",16/08/19,20/08/19,1,1,1,JL,OK
P10,1,3,"0,15",16/08/19,20/08/19,5,5,5,JL,OK
P10,1,4,"1,65",16/08/19,20/08/19,4,4,4,JL,OK
P10,2,1,"0,9",16/08/19,20/08/19,5,5,5,JL,OK
P10,2,2,"0,3",16/08/19,20/08/19,4,4,4,JL,OK
P10,2,3,"1,2",16/08/19,20/08/19,0,0,0,JL,OK
P10,2,4,0,16/08/19,20/08/19,7,7,7,JL,OK
P10,3,1,"0,45",16/08/19,20/08/19,0,0,0,JL,OK
P10,3,2,"1,5",16/08/19,20/08/19,1,1,1,JL,OK
P10,3,3,"1,35",16/08/19,20/08/19,7,7,7,JL,OK
P10,3,4,"0,75",16/08/19,20/08/19,42,42,42,JL,OK
P11,1,1,"0,3",16/08/19,19/08/19,0,0,0,JL,OK
P11,1,2,"0,75",16/08/19,19/08/19,0,0,0,JL,OK
P11,1,3,"1,65",16/08/19,19/08/19,0,0,0,JL,OK
P11,1,4,"1,05",16/08/19,19/08/19,0,0,0,JL,OK
P11,2,1,"1,2",16/08/19,19/08/19,14,14,14,JL,OK
P11,2,2,"0,15",16/08/19,19/08/19,3,3,3,JL,OK
P11,2,3,"1,35",16/08/19,19/08/19,2,2,2,JL,OK
P11,2,4,"0,9",16/08/19,19/08/19,0,0,0,JL,OK
P11,3,1,"1,5",16/08/19,19/08/19,10,10,10,JL,OK
P11,3,2,"0,45",16/08/19,19/08/19,4,4,4,JL,OK
P11,3,3,0,16/08/19,19/08/19,5,5,5,JL,OK
P11,3,4,"0,6",16/08/19,19/08/19,0,0,0,JL,OK
P12,1,1,"0,9",16/08/19,20/08/19,33,33,33,JL,OK
P12,1,2,"0,15",16/08/19,20/08/19,6,6,6,JL,OK
P12,1,3,"1,65",16/08/19,20/08/19,8,8,8,JL,OK
P12,1,4,"0,75",16/08/19,20/08/19,6,6,6,JL,OK
P12,2,1,"0,6",16/08/19,20/08/19,11,11,11,JL,OK
P12,2,2,"1,05",16/08/19,20/08/19,7,7,7,JL,OK
P12,2,3,"1,2",16/08/19,20/08/19,3,3,3,JL,OK
P12,2,4,"0,3",16/08/19,20/08/19,9,9,9,JL,OK
P12,3,1,0,16/08/19,20/08/19,3,3,3,JL,OK
P12,3,2,"0,45",16/08/19,20/08/19,2,2,2,JL,OK
P12,3,3,"1,5",16/08/19,20/08/19,0,0,0,JL,OK
P12,3,4,"1,35",16/08/19,20/08/19,10,10,10,JL,OK
P13,1,1,"0,6",16/08/19,19/08/19,0,0,0,JL,OK
P13,1,2,"1,2",16/08/19,19/08/19,0,0,0,JL,OK
P13,1,3,"0,45",16/08/19,19/08/19,0,0,0,JL,OK
P13,1,4,0,16/08/19,19/08/19,26,26,26,JL,OK
P13,2,1,"0,3",16/08/19,19/08/19,0,0,0,JL,OK
P13,2,2,"0,9",16/08/19,19/08/19,0,0,0,JL,OK
P13,2,3,"1,05",16/08/19,19/08/19,0,0,0,JL,OK
P13,2,4,"1,65",16/08/19,19/08/19,1,1,1,JL,OK
P13,3,1,"0,15",16/08/19,19/08/19,0,0,0,JL,OK
P13,3,2,"0,75",16/08/19,19/08/19,0,0,0,JL,OK
P13,3,3,"1,5",16/08/19,19/08/19,14,14,14,JL,OK
P13,3,4,"1,35",16/08/19,19/08/19,27,27,27,JL,OK
P14,1,1,0,16/08/19,19/08/19,0,0,0,JL,OK
P14,1,2,"0,6",16/08/19,19/08/19,2,2,2,JL,OK
P14,1,3,"1,05",16/08/19,19/08/19,0,0,0,JL,OK
P14,1,4,"1,65",16/08/19,19/08/19,0,0,0,JL,OK
P14,2,1,"0,75",16/08/19,19/08/19,1,1,1,JL,OK
P14,2,2,"0,45",16/08/19,19/08/19,3,3,3,JL,OK
P14,2,3,"1,35",16/08/19,19/08/19,12,12,12,JL,OK
P14,2,4,"0,3",16/08/19,19/08/19,0,0,0,JL,OK
P14,3,1,"1,2",16/08/19,19/08/19,2,2,2,JL,OK
P14,3,2,"1,5",16/08/19,19/08/19,5,5,5,JL,OK
P14,3,3,"0,15",16/08/19,19/08/19,10,10,10,JL,OK
P14,3,4,"0,9",16/08/19,19/08/19,23,23,23,JL,OK
P15,1,1,"0,9",16/08/19,20/08/19,7,7,7,JL,OK
P15,1,2,"0,45",16/08/19,20/08/19,1,1,1,JL,OK
P15,1,3,"1,2",16/08/19,20/08/19,5,5,5,JL,OK
P15,1,4,"1,35",16/08/19,20/08/19,3,3,3,JL,OK
P15,2,1,"0,6",16/08/19,20/08/19,1,1,1,JL,OK
P15,2,2,"1,05",16/08/19,20/08/19,8,8,8,JL,OK
P15,2,3,"1,65",16/08/19,20/08/19,1,1,1,JL,OK
P15,2,4,"0,15",16/08/19,20/08/19,2,2,2,JL,OK
P15,3,1,"1,5",16/08/19,20/08/19,0,0,0,JL,OK
P15,3,2,0,16/08/19,20/08/19,13,13,13,JL,OK
P15,3,3,"0,75",16/08/19,20/08/19,3,3,3,JL,OK
P15,3,4,"0,3",16/08/19,20/08/19,7,7,7,JL,OK
P17,1,1,"0,6",16/08/19,20/08/19,14,14,14,JL,OK
P17,1,2,"0,3",16/08/19,20/08/19,15,15,15,JL,OK
P17,1,3,"1,5",16/08/19,20/08/19,3,3,3,JL,OK
P17,1,4,"1,2",16/08/19,20/08/19,12,12,12,JL,OK
P17,2,1,"1,05",16/08/19,20/08/19,0,0,0,JL,OK
P17,2,2,"0,15",16/08/19,20/08/19,14,14,14,JL,OK
P17,2,3,"1,65",16/08/19,20/08/19,3,3,3,JL,OK
P17,2,4,"0,75",16/08/19,20/08/19,8,8,8,JL,OK
P17,3,1,0,16/08/19,20/08/19,2,2,2,JL,OK
P17,3,2,"0,9",16/08/19,20/08/19,1,1,1,JL,OK
P17,3,3,"1,35",16/08/19,20/08/19,6,6,6,JL,OK
P17,3,4,"0,45",16/08/19,20/08/19,0,0,0,JL,OK
P18,1,1,"0,9",16/08/19,19/08/19,28,28,28,JL,OK
P18,1,2,"0,15",16/08/19,19/08/19,4,4,4,JL,OK
P18,1,3,"1,65",16/08/19,19/08/19,1,1,1,JL,OK
P18,1,4,"1,5",16/08/19,19/08/19,0,0,0,JL,OK
P18,2,1,"1,2",16/08/19,19/08/19,3,3,3,JL,OK
P18,2,2,"1,35",16/08/19,19/08/19,0,0,0,JL,OK
P18,2,3,"0,3",16/08/19,19/08/19,0,0,0,JL,OK
P18,2,4,"0,6",16/08/19,19/08/19,0,0,0,JL,OK
P18,3,1,"0,45",16/08/19,19/08/19,2,2,2,JL,OK
P18,3,2,"0,75",16/08/19,19/08/19,0,0,0,JL,OK
P18,3,3,0,16/08/19,19/08/19,6,6,6,JL,OK
P18,3,4,"1,05",16/08/19,19/08/19,14,14,14,JL,OK
P19,1,1,"1,2",16/08/19,19/08/19,0,0,0,JL,OK
P19,1,2,"1,35",16/08/19,19/08/19,0,0,0,JL,OK
P19,1,3,"0,45",16/08/19,19/08/19,0,0,0,JL,OK
P19,1,4,"0,75",16/08/19,19/08/19,0,0,0,JL,OK
P19,2,1,"1,5",16/08/19,19/08/19,0,0,0,JL,OK
P19,2,2,"1,05",16/08/19,19/08/19,0,0,0,JL,OK
P19,2,3,"0,3",16/08/19,19/08/19,0,0,0,JL,OK
P19,2,4,0,16/08/19,19/08/19,0,0,0,JL,OK
P19,3,1,"1,65",16/08/19,19/08/19,2,2,2,JL,OK
P19,3,2,"0,15",16/08/19,19/08/19,0,0,0,JL,OK
P19,3,3,"0,9",16/08/19,19/08/19,0,0,0,JL,OK
P19,3,4,"0,6",16/08/19,19/08/19,1,1,1,JL,OK
P20,1,1,"1,35",16/08/19,19/08/19,4,4,4,JL,OK
P20,1,2,"0,3",16/08/19,19/08/19,1,1,1,JL,OK
P20,1,3,"1,05",16/08/19,19/08/19,2,2,2,JL,OK
P20,1,4,"0,75",16/08/19,19/08/19,15,15,15,JL,OK
P20,2,1,"1,5",16/08/19,19/08/19,1,1,1,JL,OK
P20,2,2,"0,9",16/08/19,19/08/19,0,0,0,JL,OK
P20,2,3,"0,6",16/08/19,19/08/19,7,7,7,JL,OK
P20,2,4,"0,15",16/08/19,19/08/19,29,29,29,JL,OK
P20,3,1,"1,2",16/08/19,19/08/19,0,0,0,JL,OK
P20,3,2,"1,65",16/08/19,19/08/19,13,13,13,JL,OK
P20,3,3,"0,45",16/08/19,19/08/19,9,9,9,JL,OK
P20,3,4,0,16/08/19,19/08/19,32,32,32,JL,OK
P21,1,1,0,16/08/19,20/08/19,0,0,0,JL,OK
P21,1,2,"0,15",16/08/19,20/08/19,16,16,16,JL,OK
P21,1,3,"1,65",16/08/19,20/08/19,22,22,22,JL,OK
P21,1,4,"1,05",16/08/19,20/08/19,12,12,12,JL,OK
P21,2,1,"1,5",16/08/19,20/08/19,10,10,10,JL,OK
P21,2,2,"0,3",16/08/19,20/08/19,3,3,3,JL,OK
P21,2,3,"0,6",16/08/19,20/08/19,1,1,1,JL,OK
P21,2,4,"0,9",16/08/19,20/08/19,4,4,4,JL,OK
P21,3,1,"1,35",16/08/19,20/08/19,5,5,5,JL,OK
P21,3,2,"0,45",16/08/19,20/08/19,13,13,13,JL,OK
P21,3,3,"0,75",16/08/19,20/08/19,2,2,2,JL,OK
P21,3,4,"1,2",16/08/19,20/08/19,0,0,0,JL,OK
P22,1,1,"0,9",16/08/19,19/08/19,3,3,3,JL,OK
P22,1,2,"1,65",16/08/19,19/08/19,6,6,6,JL,OK
P22,1,3,"0,6",16/08/19,19/08/19,3,3,3,JL,OK
P22,1,4,"0,45",16/08/19,19/08/19,0,0,0,JL,OK
P22,2,1,"1,5",16/08/19,19/08/19,0,0,0,JL,OK
P22,2,2,"0,3",16/08/19,19/08/19,7,7,7,JL,OK
P22,2,3,"0,75",16/08/19,19/08/19,1,1,1,JL,OK
P22,2,4,"1,35",16/08/19,19/08/19,1,1,1,JL,OK
P22,3,1,"1,2",16/08/19,19/08/19,1,1,1,JL,OK
P22,3,2,"0,15",16/08/19,19/08/19,0,0,0,JL,OK
P22,3,3,"1,05",16/08/19,19/08/19,0,0,0,JL,OK
P22,3,4,0,16/08/19,19/08/19,6,6,6,JL,OK
P23,1,1,"0,9",16/08/19,19/08/19,17,17,17,JL,OK
P23,1,2,"1,65",16/08/19,19/08/19,8,8,8,JL,OK
P23,1,3,"0,3",16/08/19,19/08/19,2,2,2,JL,OK
P23,1,4,0,16/08/19,19/08/19,0,0,0,JL,OK
P23,2,1,"0,6",16/08/19,19/08/19,0,0,0,JL,OK
P23,2,2,"1,35",16/08/19,19/08/19,0,0,0,JL,OK
P23,2,3,"1,5",16/08/19,19/08/19,0,0,0,JL,OK
P23,2,4,"1,2",16/08/19,19/08/19,0,0,0,JL,OK
P23,3,1,"1,05",16/08/19,19/08/19,0,0,0,JL,OK
P23,3,2,"0,15",16/08/19,19/08/19,0,0,0,JL,OK
P23,3,3,"0,45",16/08/19,19/08/19,0,0,0,JL,OK
P23,3,4,"0,75",16/08/19,19/08/19,0,0,0,JL,OK
P24,1,1,"1,5",16/08/19,20/08/19,0,0,0,JL,OK
P24,1,2,"0,45",16/08/19,20/08/19,1,1,1,JL,OK
P24,1,3,"1,35",16/08/19,20/08/19,0,0,0,JL,OK
P24,1,4,"1,65",16/08/19,20/08/19,0,0,0,JL,OK
P24,2,1,"0,9",16/08/19,20/08/19,11,11,11,JL,OK
P24,2,2,"0,75",16/08/19,20/08/19,1,1,1,JL,OK
P24,2,3,"1,05",16/08/19,20/08/19,0,0,0,JL,OK
P24,2,4,"1,2",16/08/19,20/08/19,4,4,4,JL,OK
P24,3,1,"0,3",16/08/19,20/08/19,3,3,3,JL,OK
P24,3,2,"0,15",16/08/19,20/08/19,16,16,16,JL,OK
P24,3,3,"0,6",16/08/19,20/08/19,3,3,3,JL,OK
P24,3,4,0,16/08/19,20/08/19,12,12,12,JL,OK
P25,1,1,"1,2",16/08/19,19/08/19,8,8,8,JL,OK
P25,1,2,"1,5",16/08/19,19/08/19,4,4,4,JL,OK
P25,1,3,"0,15",16/08/19,19/08/19,0,0,0,JL,OK
P25,1,4,"0,6",16/08/19,19/08/19,0,0,0,JL,OK
P25,2,1,"0,3",16/08/19,19/08/19,1,1,1,JL,OK
P25,2,2,"1,05",16/08/19,19/08/19,0,0,0,JL,OK
P25,2,3,"0,75",16/08/19,19/08/19,0,0,0,JL,OK
P25,2,4,0,16/08/19,19/08/19,0,0,0,JL,OK
P25,3,1,"1,35",16/08/19,19/08/19,2,2,2,JL,OK
P25,3,2,"0,45",16/08/19,19/08/19,12,12,12,JL,OK
P25,3,3,"1,65",16/08/19,19/08/19,0,0,0,JL,OK
P25,3,4,"0,9",16/08/19,19/08/19,0,0,0,JL,OK
P26,1,1,"1,5",16/08/19,20/08/19,2,2,2,JL,OK
P26,1,2,"0,3",16/08/19,20/08/19,0,0,0,JL,OK
P26,1,3,0,16/08/19,20/08/19,0,0,0,JL,OK
P26,1,4,"0,6",16/08/19,20/08/19,4,4,4,JL,OK
P26,2,1,"1,65",16/08/19,20/08/19,0,0,0,JL,OK
P26,2,2,"0,15",16/08/19,20/08/19,1,1,1,JL,OK
P26,2,3,"1,35",16/08/19,20/08/19,3,3,3,JL,OK
P26,2,4,"0,9",16/08/19,20/08/19,0,0,0,JL,OK
P26,3,1,"0,45",16/08/19,20/08/19,1,1,1,JL,OK
P26,3,2,"1,2",16/08/19,20/08/19,9,9,9,JL,OK
P26,3,3,"0,75",16/08/19,20/08/19,0,0,0,JL,OK
P26,3,4,"1,05",16/08/19,20/08/19,7,7,7,JL,OK
P27,1,1,"0,45",16/08/19,20/08/19,2,2,2,JL,OK
P27,1,2,"1,05",16/08/19,20/08/19,3,3,3,JL,OK
P27,1,3,"1,65",16/08/19,20/08/19,0,0,0,JL,OK
P27,1,4,"1,5",16/08/19,20/08/19,26,26,26,JL,OK
P27,2,1,"0,15",16/08/19,20/08/19,0,0,0,JL,OK
P27,2,2,"0,75",16/08/19,20/08/19,0,0,0,JL,OK
P27,2,3,"0,6",16/08/19,20/08/19,4,4,4,JL,OK
P27,2,4,"1,2",16/08/19,20/08/19,6,6,6,JL,OK
P27,3,1,"1,35",16/08/19,20/08/19,5,5,5,JL,OK
P27,3,2,"0,3",16/08/19,20/08/19,0,0,0,JL,OK
P27,3,3,0,16/08/19,20/08/19,0,0,0,JL,OK
P27,3,4,"0,9",16/08/19,20/08/19,0,0,0,JL,OK
P28,1,1,0,16/08/19,20/08/19,2,2,2,JL,OK
P28,1,2,"1,2",16/08/19,20/08/19,0,0,0,JL,OK
P28,1,3,"0,45",16/08/19,20/08/19,3,3,3,JL,OK
P28,1,4,"0,15",16/08/19,20/08/19,4,4,4,JL,OK
P28,2,1,"0,9",16/08/19,20/08/19,5,5,5,JL,OK
P28,2,2,"1,65",16/08/19,20/08/19,0,0,0,JL,OK
P28,2,3,"1,35",16/08/19,20/08/19,0,0,0,JL,OK
P28,2,4,"1,5",16/08/19,20/08/19,0,0,0,JL,OK
P28,3,1,"0,6",16/08/19,20/08/19,18,18,18,JL,OK
P28,3,2,"0,3",16/08/19,20/08/19,0,0,0,JL,OK
P28,3,3,"1,05",16/08/19,20/08/19,0,0,0,JL,OK
P28,3,4,"0,75",16/08/19,20/08/19,0,0,0,JL,OK
P29,1,1,"0,9",16/08/19,19/08/19,4,4,4,JL,OK
P29,1,2,"1,2",16/08/19,19/08/19,0,0,0,JL,OK
P29,1,3,"1,05",16/08/19,19/08/19,0,0,0,JL,OK
P29,1,4,"0,15",16/08/19,19/08/19,1,1,1,JL,OK
P29,2,1,"1,65",16/08/19,19/08/19,0,0,0,JL,OK
P29,2,2,"0,6",16/08/19,19/08/19,0,0,0,JL,OK
P29,2,3,"1,35",16/08/19,19/08/19,0,0,0,JL,OK
P29,2,4,"1,5",16/08/19,19/08/19,1,1,1,JL,OK
P29,3,1,"0,75",16/08/19,19/08/19,0,0,0,JL,OK
P29,3,2,"0,3",16/08/19,19/08/19,0,0,0,JL,OK
P29,3,3,0,16/08/19,19/08/19,0,0,0,JL,OK
P29,3,4,"0,45",16/08/19,19/08/19,9,9,9,JL,OK
P31,1,1,"0,3",16/08/19,20/08/19,4,4,4,JL,OK
P31,1,2,"1,5",16/08/19,20/08/19,1,1,1,JL,OK
P31,1,3,"0,9",16/08/19,20/08/19,3,3,3,JL,OK
P31,1,4,0,16/08/19,20/08/19,8,8,8,JL,OK
P31,2,1,"0,75",16/08/19,20/08/19,0,0,0,JL,OK
P31,2,2,"1,65",16/08/19,20/08/19,10,10,10,JL,OK
P31,2,3,"1,35",16/08/19,20/08/19,6,6,6,JL,OK
P31,2,4,"0,45",16/08/19,20/08/19,9,9,9,JL,OK
P31,3,1,"0,6",16/08/19,20/08/19,1,1,1,JL,OK
P31,3,2,"1,2",16/08/19,20/08/19,4,4,4,JL,OK
P31,3,3,"0,15",16/08/19,20/08/19,0,0,0,JL,OK
P31,3,4,"1,05",16/08/19,20/08/19,0,0,0,JL,OK
P32,1,1,"1,2",16/08/19,19/08/19,6,6,6,JL,OK
P32,1,2,"0,15",16/08/19,19/08/19,2,2,2,JL,OK
P32,1,3,"1,65",16/08/19,19/08/19,1,1,1,JL,OK
P32,1,4,"0,6",16/08/19,19/08/19,1,1,1,JL,OK
P32,2,1,"1,5",16/08/19,19/08/19,0,0,0,JL,OK
P32,2,2,"0,45",16/08/19,19/08/19,0,0,0,JL,OK
P32,2,3,"1,05",16/08/19,19/08/19,0,0,0,JL,OK
P32,2,4,"0,3",16/08/19,19/08/19,0,0,0,JL,OK
P32,3,1,"0,75",16/08/19,19/08/19,0,0,0,JL,OK
P32,3,2,"1,35",16/08/19,19/08/19,9,9,9,JL,OK
P32,3,3,"0,9",16/08/19,19/08/19,1,1,1,JL,OK
P32,3,4,0,16/08/19,19/08/19,4,4,4,JL,OK
P34,1,1,"1,5",16/08/19,19/08/19,0,0,0,JL,OK
P34,1,2,"0,45",16/08/19,19/08/19,1,1,1,JL,OK
P34,1,3,"0,6",16/08/19,19/08/19,1,1,1,JL,OK
P34,1,4,"0,15",16/08/19,19/08/19,0,0,0,JL,OK
P34,2,1,"1,05",16/08/19,19/08/19,0,0,0,JL,OK
P34,2,2,"1,65",16/08/19,19/08/19,0,0,0,JL,OK
P34,2,3,"0,9",16/08/19,19/08/19,13,13,13,JL,OK
P34,2,4,"0,75",16/08/19,19/08/19,9,9,9,JL,OK
P34,3,1,0,16/08/19,19/08/19,2,2,2,JL,OK
P34,3,2,"1,2",16/08/19,19/08/19,0,0,0,JL,OK
P34,3,3,"0,3",16/08/19,19/08/19,0,0,0,JL,OK
P34,3,4,"1,35",16/08/19,19/08/19,10,10,10,JL,OK
P35,1,1,"0,75",16/08/19,19/08/19,7,7,7,JL,OK
P35,1,2,"0,15",16/08/19,19/08/19,1,1,1,JL,OK
P35,1,3,0,16/08/19,19/08/19,0,0,0,JL,OK
P35,1,4,"0,45",16/08/19,19/08/19,0,0,0,JL,OK
P35,2,1,"1,35",16/08/19,19/08/19,5,5,5,JL,OK
P35,2,2,"0,9",16/08/19,19/08/19,0,0,0,JL,OK
P35,2,3,"0,6",16/08/19,19/08/19,0,0,0,JL,OK
P35,2,4,"1,65",16/08/19,19/08/19,0,0,0,JL,OK
P35,3,1,"1,05",16/08/19,19/08/19,10,10,10,JL,OK
P35,3,2,"0,3",16/08/19,19/08/19,0,0,0,JL,OK
P35,3,3,"1,2",16/08/19,19/08/19,0,0,0,JL,OK
P35,3,4,"1,5",16/08/19,19/08/19,0,0,0,JL,OK
P36,1,1,"0,45",16/08/19,20/08/19,0,0,0,JL,OK
P36,1,2,"0,75",16/08/19,20/08/19,0,0,0,JL,OK
P36,1,3,"0,6",16/08/19,20/08/19,0,0,0,JL,OK
P36,1,4,"1,05",16/08/19,20/08/19,0,0,0,JL,OK
P36,2,1,"0,15",16/08/19,20/08/19,0,0,0,JL,OK
P36,2,2,"0,3",16/08/19,20/08/19,0,0,0,JL,OK
P36,2,3,"1,2",16/08/19,20/08/19,14,14,14,JL,OK
P36,2,4,0,16/08/19,20/08/19,7,7,7,JL,OK
P36,3,1,"0,9",16/08/19,20/08/19,8,8,8,JL,OK
P36,3,2,"1,35",16/08/19,20/08/19,3,3,3,JL,OK
P36,3,3,"1,65",16/08/19,20/08/19,19,19,19,JL,OK
P36,3,4,"1,5",16/08/19,20/08/19,25,25,25,JL,OK
P37,1,1,"1,35",16/08/19,19/08/19,15,15,15,JL,OK
P37,1,2,"1,5",16/08/19,19/08/19,4,4,4,JL,OK
P37,1,3,"1,05",16/08/19,19/08/19,1,1,1,JL,OK
P37,1,4,"0,3",16/08/19,19/08/19,0,0,0,JL,OK
P37,2,1,"1,65",16/08/19,19/08/19,11,11,11,JL,OK
P37,2,2,"1,2",16/08/19,19/08/19,2,2,2,JL,OK
P37,2,3,"0,75",16/08/19,19/08/19,0,0,0,JL,OK
P37,2,4,"0,9",16/08/19,19/08/19,0,0,0,JL,OK
P37,3,1,0,16/08/19,19/08/19,4,4,4,JL,OK
P37,3,2,"0,45",16/08/19,19/08/19,9,9,9,JL,OK
P37,3,3,"0,15",16/08/19,19/08/19,2,2,2,JL,OK
P37,3,4,"0,6",16/08/19,19/08/19,9,9,9,JL,OK
P38,1,1,"1,2",16/08/19,19/08/19,0,0,0,JL,OK
P38,1,2,0,16/08/19,19/08/19,0,0,0,JL,OK
P38,1,3,"1,5",16/08/19,19/08/19,0,0,0,JL,OK
P38,1,4,"1,05",16/08/19,19/08/19,0,0,0,JL,OK
P38,2,1,"0,45",16/08/19,19/08/19,0,0,0,JL,OK
P38,2,2,"0,15",16/08/19,19/08/19,2,2,2,JL,OK
P38,2,3,"1,65",16/08/19,19/08/19,1,1,1,JL,OK
P38,2,4,"0,9",16/08/19,19/08/19,1,1,1,JL,OK
P38,3,1,"0,6",16/08/19,19/08/19,2,2,2,JL,OK
P38,3,2,"0,75",16/08/19,19/08/19,3,3,3,JL,OK
P38,3,3,"1,35",16/08/19,19/08/19,1,1,1,JL,OK
P38,3,4,"0,3",16/08/19,19/08/19,2,2,2,JL,OK
P40,1,1,"0,15",16/08/19,20/08/19,0,0,0,JL,OK
P40,1,2,"1,05",16/08/19,20/08/19,0,0,0,JL,OK
P40,1,3,"1,65",16/08/19,20/08/19,0,0,0,JL,OK
P40,1,4,"1,35",16/08/19,20/08/19,0,0,0,JL,OK
P40,2,1,"1,5",16/08/19,20/08/19,2,2,2,JL,OK
P40,2,2,"0,9",16/08/19,20/08/19,1,1,1,JL,OK
P40,2,3,"1,2",16/08/19,20/08/19,6,6,6,JL,OK
P40,2,4,"0,75",16/08/19,20/08/19,0,0,0,JL,OK
P40,3,1,"0,3",16/08/19,20/08/19,0,0,0,JL,OK
P40,3,2,0,16/08/19,20/08/19,3,3,3,JL,OK
P40,3,3,"0,6",16/08/19,20/08/19,0,0,0,JL,OK
P40,3,4,"0,45",16/08/19,20/08/19,2,2,2,JL,OK
P41,1,1,"0,45",16/08/19,19/08/19,0,0,0,JL,OK
P41,1,2,0,16/08/19,19/08/19,5,5,5,JL,OK
P41,1,3,"1,2",16/08/19,19/08/19,0,0,0,JL,OK
P41,1,4,"0,9",16/08/19,19/08/19,0,0,0,JL,OK
P41,2,1,"1,65",16/08/19,19/08/19,0,0,0,JL,OK
P41,2,2,"0,15",16/08/19,19/08/19,0,0,0,JL,OK
P41,2,3,"1,05",16/08/19,19/08/19,1,1,1,JL,OK
P41,2,4,"0,3",16/08/19,19/08/19,7,7,7,JL,OK
P41,3,1,"1,5",16/08/19,19/08/19,0,0,0,JL,OK
P41,3,2,"1,35",16/08/19,19/08/19,14,14,14,JL,OK
P41,3,3,"0,75",16/08/19,19/08/19,3,3,3,JL,OK
P41,3,4,"0,6",16/08/19,19/08/19,24,24,24,JL,OK
P42,1,1,"0,45",16/08/19,19/08/19,0,0,0,JL,OK
P42,1,2,"1,5",16/08/19,19/08/19,0,0,0,JL,OK
P42,1,3,"0,9",16/08/19,19/08/19,0,0,0,JL,OK
P42,1,4,"0,3",16/08/19,19/08/19,13,13,13,JL,OK
P42,2,1,"1,2",16/08/19,19/08/19,5,5,5,JL,OK
P42,2,2,"0,15",16/08/19,19/08/19,4,4,4,JL,OK
P42,2,3,"1,35",16/08/19,19/08/19,0,0,0,JL,OK
P42,2,4,"1,05",16/08/19,19/08/19,10,10,10,JL,OK
P42,3,1,"0,75",16/08/19,19/08/19,7,7,7,JL,OK
P42,3,2,"1,65",16/08/19,19/08/19,6,6,6,JL,OK
P42,3,3,0,16/08/19,19/08/19,0,0,0,JL,OK
P42,3,4,"0,6",16/08/19,19/08/19,13,13,13,JL,OK
P43,1,1,"0,3",16/08/19,19/08/19,35,35,35,JL,OK
P43,1,2,"1,35",16/08/19,19/08/19,7,7,7,JL,OK
P43,1,3,"1,5",16/08/19,19/08/19,18,18,18,JL,OK
P43,1,4,"1,65",16/08/19,19/08/19,12,12,12,JL,OK
P43,2,1,"0,15",16/08/19,19/08/19,11,11,11,JL,OK
P43,2,2,"0,9",16/08/19,19/08/19,1,1,1,JL,OK
P43,2,3,"0,6",16/08/19,19/08/19,0,0,0,JL,OK
P43,2,4,"0,45",16/08/19,19/08/19,7,7,7,JL,OK
P43,3,1,"0,75",16/08/19,19/08/19,12,12,12,JL,OK
P43,3,2,0,16/08/19,19/08/19,18,18,18,JL,OK
P43,3,3,"1,05",16/08/19,19/08/19,11,11,11,JL,OK
P43,3,4,"1,2",16/08/19,19/08/19,6,6,6,JL,OK
P44,1,1,"1,65",16/08/19,19/08/19,2,2,2,JL,OK
P44,1,2,"1,05",16/08/19,19/08/19,6,6,6,JL,OK
P44,1,3,"1,35",16/08/19,19/08/19,23,23,23,JL,OK
P44,1,4,"0,3",16/08/19,19/08/19,45,45,45,JL,OK
P44,2,1,"1,5",16/08/19,19/08/19,0,0,0,JL,OK
P44,2,2,"0,15",16/08/19,19/08/19,0,0,0,JL,OK
P44,2,3,"0,9",16/08/19,19/08/19,2,2,2,JL,OK
P44,2,4,"0,75",16/08/19,19/08/19,14,14,14,JL,OK
P44,3,1,"1,2",16/08/19,19/08/19,0,0,0,JL,OK
P44,3,2,"0,45",16/08/19,19/08/19,0,0,0,JL,OK
P44,3,3,0,16/08/19,19/08/19,12,12,12,JL,OK
P44,3,4,"0,6",16/08/19,19/08/19,20,20,20,JL,OK
P45,1,1,"0,75",16/08/19,20/08/19,49,49,49,JL,OK
P45,1,2,"1,65",16/08/19,20/08/19,0,0,0,JL,OK
P45,1,3,0,16/08/19,20/08/19,3,3,3,JL,OK
P45,1,4,"0,15",16/08/19,20/08/19,10,10,10,JL,OK
P45,2,1,"1,05",16/08/19,20/08/19,11,11,11,JL,OK
P45,2,2,"0,3",16/08/19,20/08/19,2,2,2,JL,OK
P45,2,3,"0,6",16/08/19,20/08/19,0,0,0,JL,OK
P45,2,4,"0,9",16/08/19,20/08/19,0,0,0,JL,OK
P45,3,1,"1,35",16/08/19,20/08/19,26,26,26,JL,OK
P45,3,2,"1,2",16/08/19,20/08/19,4,4,4,JL,OK
P45,3,3,"1,5",16/08/19,20/08/19,7,7,7,JL,OK
P45,3,4,"0,45",16/08/19,20/08/19,4,4,4,JL,OK
P46,1,1,"0,45",16/08/19,19/08/19,26,26,26,JL,OK
P46,1,2,"0,75",16/08/19,19/08/19,2,2,2,JL,OK
P46,1,3,"1,5",16/08/19,19/08/19,0,0,0,JL,OK
P46,1,4,0,16/08/19,19/08/19,6,6,6,JL,OK
P46,2,1,"0,15",16/08/19,19/08/19,4,4,4,JL,OK
P46,2,2,"1,05",16/08/19,19/08/19,2,2,2,JL,OK
P46,2,3,"0,6",16/08/19,19/08/19,0,0,0,JL,OK
P46,2,4,"1,2",16/08/19,19/08/19,4,4,4,JL,OK
P46,3,1,"0,3",16/08/19,19/08/19,39,39,39,JL,OK
P46,3,2,"1,35",16/08/19,19/08/19,2,2,2,JL,OK
P46,3,3,"0,9",16/08/19,19/08/19,5,5,5,JL,OK
P46,3,4,"1,65",16/08/19,19/08/19,6,6,6,JL,OK
P47,1,1,"0,45",16/08/19,19/08/19,1,1,1,JL,OK
P47,1,2,"0,15",16/08/19,19/08/19,0,0,0,JL,OK
P47,1,3,"0,6",16/08/19,19/08/19,0,0,0,JL,OK
P47,1,4,"1,65",16/08/19,19/08/19,0,0,0,JL,OK
P47,2,1,"0,75",16/08/19,19/08/19,13,13,13,JL,OK
P47,2,2,"1,35",16/08/19,19/08/19,0,0,0,JL,OK
P47,2,3,"1,5",16/08/19,19/08/19,0,0,0,JL,OK
P47,2,4,0,16/08/19,19/08/19,15,15,15,JL,OK
P47,3,1,"0,9",16/08/19,19/08/19,5,5,5,JL,OK
P47,3,2,"0,3",16/08/19,19/08/19,2,2,2,JL,OK
P47,3,3,"1,2",16/08/19,19/08/19,1,1,1,JL,OK
P47,3,4,"1,05",16/08/19,19/08/19,2,2,2,JL,OK
P48,1,1,"0,3",16/08/19,19/08/19,8,8,8,JL,OK
P48,1,2,"0,6",16/08/19,19/08/19,4,4,4,JL,OK
P48,1,3,"1,2",16/08/19,19/08/19,9,9,9,JL,OK
P48,1,4,"1,5",16/08/19,19/08/19,7,7,7,JL,OK
P48,2,1,"0,9",16/08/19,19/08/19,2,2,2,JL,OK
P48,2,2,"1,65",16/08/19,19/08/19,18,18,18,JL,OK
P48,2,3,"1,05",16/08/19,19/08/19,0,0,0,JL,OK
P48,2,4,0,16/08/19,19/08/19,0,0,0,JL,OK
P48,3,1,"0,45",16/08/19,19/08/19,16,16,16,JL,OK
P48,3,2,"0,15",16/08/19,19/08/19,17,17,17,JL,OK
P48,3,3,"1,35",16/08/19,19/08/19,17,17,17,JL,OK
P48,3,4,"0,75",16/08/19,19/08/19,0,0,0,JL,OK
P49,1,1,"1,2",16/08/19,19/08/19,6,6,6,JL,OK
P49,1,2,"0,6",16/08/19,19/08/19,4,4,4,JL,OK
P49,1,3,"1,05",16/08/19,19/08/19,11,11,11,JL,OK
P49,1,4,"1,65",16/08/19,19/08/19,2,2,2,JL,OK
P49,2,1,"1,35",16/08/19,19/08/19,22,22,22,JL,OK
P49,2,2,"1,5",16/08/19,19/08/19,0,0,0,JL,OK
P49,2,3,"0,45",16/08/19,19/08/19,0,0,0,JL,OK
P49,2,4,"0,3",16/08/19,19/08/19,2,2,2,JL,OK
P49,3,1,"0,15",16/08/19,19/08/19,22,22,22,JL,OK
P49,3,2,0,16/08/19,19/08/19,12,12,12,JL,OK
P49,3,3,"0,75",16/08/19,19/08/19,0,0,0,JL,OK
P49,3,4,"0,9",16/08/19,19/08/19,34,34,34,JL,OK
P52,1,1,"0,6",16/08/19,20/08/19,8,8,8,JL,OK
P52,1,2,"1,05",16/08/19,20/08/19,6,6,6,JL,OK
P52,1,3,"1,2",16/08/19,20/08/19,1,1,1,JL,OK
P52,1,4,"0,15",16/08/19,20/08/19,34,34,34,JL,OK
P52,2,1,"0,75",16/08/19,20/08/19,0,0,0,JL,OK
P52,2,2,0,16/08/19,20/08/19,0,0,0,JL,OK
P52,2,3,"0,9",16/08/19,20/08/19,0,0,0,JL,OK
P52,2,4,"0,45",16/08/19,20/08/19,3,3,3,JL,OK
P52,3,1,"1,65",16/08/19,20/08/19,6,6,6,JL,OK
P52,3,2,"1,5",16/08/19,20/08/19,1,1,1,JL,OK
P52,3,3,"1,35",16/08/19,20/08/19,10,10,10,JL,OK
P52,3,4,"0,3",16/08/19,20/08/19,49,49,49,JL,OK
P53,1,1,"1,35",16/08/19,19/08/19,9,9,9,JL,OK
P53,1,2,"0,15",16/08/19,19/08/19,12,12,12,JL,OK
P53,1,3,"0,6",16/08/19,19/08/19,12,12,12,JL,OK
P53,1,4,"0,3",16/08/19,19/08/19,73,73,73,JL,OK
P53,2,1,0,16/08/19,19/08/19,15,15,15,JL,OK
P53,2,2,"1,5",16/08/19,19/08/19,4,4,4,JL,OK
P53,2,3,"1,65",16/08/19,19/08/19,4,4,4,JL,OK
P53,2,4,"0,45",16/08/19,19/08/19,18,18,18,JL,OK
P53,3,1,"0,9",16/08/19,19/08/19,15,15,15,JL,OK
P53,3,2,"1,2",16/08/19,19/08/19,3,3,3,JL,OK
P53,3,3,"1,05",16/08/19,19/08/19,4,4,4,JL,OK
P53,3,4,"0,75",16/08/19,19/08/19,22,22,22,JL,OK
P54,1,1,"0,75",16/08/19,20/08/19,28,28,28,JL,OK
P54,1,2,"0,3",16/08/19,20/08/19,16,16,16,JL,OK
P54,1,3,"1,35",16/08/19,20/08/19,29,29,29,JL,OK
P54,1,4,"1,5",16/08/19,20/08/19,2,2,2,JL,OK
P54,2,1,"0,9",16/08/19,20/08/19,10,10,10,JL,OK
P54,2,2,"0,45",16/08/19,20/08/19,2,2,2,JL,OK
P54,2,3,"0,6",16/08/19,20/08/19,3,3,3,JL,OK
P54,2,4,"1,2",16/08/19,20/08/19,1,1,1,JL,OK
P54,3,1,"0,15",16/08/19,20/08/19,6,6,6,JL,OK
P54,3,2,0,16/08/19,20/08/19,4,4,4,JL,OK
P54,3,3,"1,65",16/08/19,20/08/19,3,3,3,JL,OK
P54,3,4,"1,05",16/08/19,20/08/19,2,2,2,JL,OK
P55,1,1,0,16/08/19,19/08/19,21,21,21,JL,OK
P55,1,2,"0,45",16/08/19,19/08/19,1,1,1,JL,OK
P55,1,3,"0,75",16/08/19,19/08/19,7,7,7,JL,OK
P55,1,4,"1,5",16/08/19,19/08/19,18,18,18,JL,OK
P55,2,1,"1,35",16/08/19,19/08/19,6,6,6,JL,OK
P55,2,2,"1,2",16/08/19,19/08/19,0,0,0,JL,OK
P55,2,3,"1,05",16/08/19,19/08/19,2,2,2,JL,OK
P55,2,4,"0,6",16/08/19,19/08/19,4,4,4,JL,OK
P55,3,1,"0,9",16/08/19,19/08/19,15,15,15,JL,OK
P55,3,2,"0,3",16/08/19,19/08/19,10,10,10,JL,OK
P55,3,3,"0,15",16/08/19,19/08/19,18,18,18,JL,OK
P55,3,4,"1,65",16/08/19,19/08/19,19,19,19,JL,OK
P56,1,1,"0,6",16/08/19,19/08/19,31,31,31,JL,OK
P56,1,2,0,16/08/19,19/08/19,22,22,22,JL,OK
P56,1,3,"0,15",16/08/19,19/08/19,0,0,0,JL,OK
P56,1,4,"0,3",16/08/19,19/08/19,15,15,15,JL,OK
P56,2,1,"0,75",16/08/19,19/08/19,5,5,5,JL,OK
P56,2,2,"1,65",16/08/19,19/08/19,1,1,1,JL,OK
P56,2,3,"1,5",16/08/19,19/08/19,5,5,5,JL,OK
P56,2,4,"0,9",16/08/19,19/08/19,1,1,1,JL,OK
P56,3,1,"1,35",16/08/19,19/08/19,2,2,2,JL,OK
P56,3,2,"1,05",16/08/19,19/08/19,0,0,0,JL,OK
P56,3,3,"0,45",16/08/19,19/08/19,13,13,13,JL,OK
P56,3,4,"1,2",16/08/19,19/08/19,5,5,5,JL,OK
P58,1,1,"1,35",16/08/19,19/08/19,3,3,3,JL,OK
P58,1,2,"0,45",16/08/19,19/08/19,11,11,11,JL,OK
P58,1,3,"1,65",16/08/19,19/08/19,8,8,8,JL,OK
P58,1,4,"0,15",16/08/19,19/08/19,11,11,11,JL,OK
P58,2,1,"1,5",16/08/19,19/08/19,4,4,4,JL,OK
P58,2,2,0,16/08/19,19/08/19,0,0,0,JL,OK
P58,2,3,"1,2",16/08/19,19/08/19,0,0,0,JL,OK
P58,2,4,"0,3",16/08/19,19/08/19,8,8,8,JL,OK
P58,3,1,"0,75",16/08/19,19/08/19,4,4,4,JL,OK
P58,3,2,"0,6",16/08/19,19/08/19,12,12,12,JL,OK
P58,3,3,"1,05",16/08/19,19/08/19,21,21,21,JL,OK
P58,3,4,"0,9",16/08/19,19/08/19,29,29,29,JL,OK
P59,1,1,"1,5",16/08/19,19/08/19,33,33,33,JL,OK
P59,1,2,"0,9",16/08/19,19/08/19,13,13,13,JL,OK
P59,1,3,0,16/08/19,19/08/19,10,10,10,JL,OK
P59,1,4,"0,3",16/08/19,19/08/19,22,22,22,JL,OK
P59,2,1,"0,75",16/08/19,19/08/19,3,3,3,JL,OK
P59,2,2,"1,35",16/08/19,19/08/19,14,14,14,JL,OK
P59,2,3,"0,6",16/08/19,19/08/19,8,8,8,JL,OK
P59,2,4,"0,15",16/08/19,19/08/19,17,17,17,JL,OK
P59,3,1,"1,05",16/08/19,19/08/19,3,3,3,JL,OK
P59,3,2,"1,2",16/08/19,19/08/19,18,18,18,JL,OK
P59,3,3,"0,45",16/08/19,19/08/19,4,4,4,JL,OK
P59,3,4,"1,65",16/08/19,19/08/19,21,21,21,JL,OK
P60,1,1,"0,6",16/08/19,19/08/19,19,19,19,JL,OK
P60,1,2,"0,9",16/08/19,19/08/19,5,5,5,JL,OK
P60,1,3,"0,45",16/08/19,19/08/19,4,4,4,JL,OK
P60,1,4,"1,2",16/08/19,19/08/19,93,93,93,JL,OK
P60,2,1,"0,75",16/08/19,19/08/19,29,29,29,JL,OK
P60,2,2,0,16/08/19,19/08/19,0,0,0,JL,OK
P60,2,3,"1,65",16/08/19,19/08/19,3,3,3,JL,OK
P60,2,4,"1,5",16/08/19,19/08/19,22,22,22,JL,OK
P60,3,1,"1,35",16/08/19,19/08/19,5,5,5,JL,OK
P60,3,2,"0,3",16/08/19,19/08/19,8,8,8,JL,OK
P60,3,3,"1,05",16/08/19,19/08/19,10,10,10,JL,OK
P60,3,4,"0,15",16/08/19,19/08/19,53,53,53,JL,OK
P61,1,1,"0,6",16/08/19,19/08/19,16,16,16,JL,OK
P61,1,2,"0,15",16/08/19,19/08/19,11,11,11,JL,OK
P61,1,3,"1,35",16/08/19,19/08/19,8,8,8,JL,OK
P61,1,4,"1,5",16/08/19,19/08/19,3,3,3,JL,OK
P61,2,1,"1,05",16/08/19,19/08/19,10,10,10,JL,OK
P61,2,2,"0,3",16/08/19,19/08/19,2,2,2,JL,OK
P61,2,3,"0,75",16/08/19,19/08/19,1,1,1,JL,OK
P61,2,4,"1,2",16/08/19,19/08/19,2,2,2,JL,OK
P61,3,1,0,16/08/19,19/08/19,23,23,23,JL,OK
P61,3,2,"0,45",16/08/19,19/08/19,19,19,19,JL,OK
P61,3,3,"0,9",16/08/19,19/08/19,38,38,38,JL,OK
P61,3,4,"1,65",16/08/19,19/08/19,4,4,4,JL,OK
P62,1,1,"1,65",16/08/19,19/08/19,24,24,24,JL,OK
P62,1,2,"0,15",16/08/19,19/08/19,0,0,0,JL,OK
P62,1,3,"0,6",16/08/19,19/08/19,8,8,8,JL,OK
P62,1,4,"0,3",16/08/19,19/08/19,31,31,31,JL,OK
P62,2,1,"0,45",16/08/19,19/08/19,32,32,32,JL,OK
P62,2,2,"1,35",16/08/19,19/08/19,12,12,12,JL,OK
P62,2,3,"0,9",16/08/19,19/08/19,11,11,11,JL,OK
P62,2,4,"0,75",16/08/19,19/08/19,3,3,3,JL,OK
P62,3,1,"1,05",16/08/19,19/08/19,14,14,14,JL,OK
P62,3,2,"1,5",16/08/19,19/08/19,14,14,14,JL,OK
P62,3,3,"1,2",16/08/19,19/08/19,11,11,11,JL,OK
P62,3,4,0,16/08/19,19/08/19,3,3,3,JL,OK
P63,1,1,"1,65",16/08/19,19/08/19,5,5,5,JL,OK
P63,1,2,"1,5",16/08/19,19/08/19,9,9,9,JL,OK
P63,1,3,"0,6",16/08/19,19/08/19,3,3,3,JL,OK
P63,1,4,"1,35",16/08/19,19/08/19,30,30,30,JL,OK
P63,2,1,"0,45",16/08/19,19/08/19,5,5,5,JL,OK
P63,2,2,"0,9",16/08/19,19/08/19,1,1,1,JL,OK
P63,2,3,"1,05",16/08/19,19/08/19,0,0,0,JL,OK
P63,2,4,0,16/08/19,19/08/19,0,0,0,JL,OK
P63,3,1,"0,3",16/08/19,19/08/19,36,36,36,JL,OK
P63,3,2,"0,75",16/08/19,19/08/19,2,2,2,JL,OK
P63,3,3,"0,15",16/08/19,19/08/19,1,1,1,JL,OK
P63,3,4,"1,2",16/08/19,19/08/19,11,11,11,JL,OK
P64,1,1,"0,75",16/08/19,19/08/19,14,14,14,JL,OK
P64,1,2,"0,6",16/08/19,19/08/19,17,17,17,JL,OK
P64,1,3,"1,65",16/08/19,19/08/19,6,6,6,JL,OK
P64,1,4,"0,3",16/08/19,19/08/19,2,2,2,JL,OK
P64,2,1,"0,9",16/08/19,19/08/19,20,20,20,JL,OK
P64,2,2,"1,5",16/08/19,19/08/19,31,31,31,JL,OK
P64,2,3,0,16/08/19,19/08/19,5,5,5,JL,OK
P64,2,4,"0,15",16/08/19,19/08/19,8,8,8,JL,OK
P64,3,1,"1,2",16/08/19,19/08/19,24,24,24,JL,OK
P64,3,2,"1,05",16/08/19,19/08/19,99,99,99,JL,OK
P64,3,3,"0,45",16/08/19,19/08/19,45,45,45,JL,OK
P64,3,4,"1,35",16/08/19,19/08/19,16,16,16,JL,OK
P65,1,1,0,16/08/19,19/08/19,12,12,12,JL,OK
P65,1,2,"1,35",16/08/19,19/08/19,5,5,5,JL,OK
P65,1,3,"0,15",16/08/19,19/08/19,7,7,7,JL,OK
P65,1,4,"0,9",16/08/19,19/08/19,19,19,19,JL,OK
P65,2,1,"1,65",16/08/19,19/08/19,3,3,3,JL,OK
P65,2,2,"0,3",16/08/19,19/08/19,1,1,1,JL,OK
P65,2,3,"1,5",16/08/19,19/08/19,12,12,12,JL,OK
P65,2,4,"1,05",16/08/19,19/08/19,19,19,19,JL,OK
P65,3,1,"0,75",16/08/19,19/08/19,16,16,16,JL,OK
P65,3,2,"0,45",16/08/19,19/08/19,19,19,19,JL,OK
P65,3,3,"0,6",16/08/19,19/08/19,12,12,12,JL,OK
P65,3,4,"1,2",16/08/19,19/08/19,3,3,3,JL,OK
P66,1,1,"1,2",16/08/19,19/08/19,19,19,19,JL,OK
P66,1,2,"0,3",16/08/19,19/08/19,8,8,8,JL,OK
P66,1,3,0,16/08/19,19/08/19,0,0,0,JL,OK
P66,1,4,"1,35",16/08/19,19/08/19,8,8,8,JL,OK
P66,2,1,"0,75",16/08/19,19/08/19,18,18,18,JL,OK
P66,2,2,"1,5",16/08/19,19/08/19,0,0,0,JL,OK
P66,2,3,"0,6",16/08/19,19/08/19,7,7,7,JL,OK
P66,2,4,"0,45",16/08/19,19/08/19,6,6,6,JL,OK
P66,3,1,"0,9",16/08/19,19/08/19,13,13,13,JL,OK
P66,3,2,"1,05",16/08/19,19/08/19,5,5,5,JL,OK
P66,3,3,"1,65",16/08/19,19/08/19,7,7,7,JL,OK
P66,3,4,"0,15",16/08/19,19/08/19,4,4,4,JL,OK
P67,1,1,"0,45",16/08/19,19/08/19,75,75,75,JL,OK
P67,1,2,"1,2",16/08/19,19/08/19,24,24,24,JL,OK
P67,1,3,"0,75",16/08/19,19/08/19,3,3,3,JL,OK
P67,1,4,"1,65",16/08/19,19/08/19,17,17,17,JL,OK
P67,2,1,"1,35",16/08/19,19/08/19,26,26,26,JL,OK
P67,2,2,"0,9",16/08/19,19/08/19,22,22,22,JL,OK
P67,2,3,0,16/08/19,19/08/19,2,2,2,JL,OK
P67,2,4,"0,3",16/08/19,19/08/19,4,4,4,JL,OK
P67,3,1,"0,15",16/08/19,19/08/19,28,28,28,JL,OK
P67,3,2,"1,05",16/08/19,19/08/19,23,23,23,JL,OK
P67,3,3,"0,6",16/08/19,19/08/19,9,9,9,JL,OK
P67,3,4,"1,5",16/08/19,19/08/19,0,0,0,JL,OK
P68,1,1,"1,5",16/08/19,19/08/19,0,0,0,JL,OK
P68,1,2,0,16/08/19,19/08/19,2,2,2,JL,OK
P68,1,3,"0,45",16/08/19,19/08/19,6,6,6,JL,OK
P68,1,4,"0,75",16/08/19,19/08/19,2,2,2,JL,OK
P68,2,1,"0,6",16/08/19,19/08/19,7,7,7,JL,OK
P68,2,2,"1,65",16/08/19,19/08/19,2,2,2,JL,OK
P68,2,3,"1,35",16/08/19,19/08/19,4,4,4,JL,OK
P68,2,4,"0,9",16/08/19,19/08/19,2,2,2,JL,OK
P68,3,1,"1,2",16/08/19,19/08/19,45,45,45,JL,OK
P68,3,2,"1,05",16/08/19,19/08/19,49,49,49,JL,OK
P68,3,3,"0,15",16/08/19,19/08/19,11,11,11,JL,OK
P68,3,4,"0,3",16/08/19,19/08/19,8,8,8,JL,OK
P69,1,1,"1,5",16/08/19,19/08/19,9,9,9,JL,OK
P69,1,2,"0,3",16/08/19,19/08/19,16,16,16,JL,OK
P69,1,3,"1,35",16/08/19,19/08/19,11,11,11,JL,OK
P69,1,4,"1,2",16/08/19,19/08/19,13,13,13,JL,OK
P69,2,1,"0,6",16/08/19,19/08/19,19,19,19,JL,OK
P69,2,2,"1,65",16/08/19,19/08/19,10,10,10,JL,OK
P69,2,3,"0,9",16/08/19,19/08/19,5,5,5,JL,OK
P69,2,4,0,16/08/19,19/08/19,11,11,11,JL,OK
P69,3,1,"0,45",16/08/19,19/08/19,15,15,15,JL,OK
P69,3,2,"0,75",16/08/19,19/08/19,8,8,8,JL,OK
P69,3,3,"0,15",16/08/19,19/08/19,5,5,5,JL,OK
P69,3,4,"1,05",16/08/19,19/08/19,11,11,11,JL,OK
P70,1,1,"0,45",16/08/19,20/08/19,8,8,8,JL,OK
P70,1,2,"1,2",16/08/19,20/08/19,2,2,2,JL,OK
P70,1,3,"0,75",16/08/19,20/08/19,2,2,2,JL,OK
P70,1,4,"1,05",16/08/19,20/08/19,4,4,4,JL,OK
P70,2,1,"0,6",16/08/19,20/08/19,4,4,4,JL,OK
P70,2,2,"0,3",16/08/19,20/08/19,8,8,8,JL,OK
P70,2,3,"0,15",16/08/19,20/08/19,7,7,7,JL,OK
P70,2,4,"1,5",16/08/19,20/08/19,5,5,5,JL,OK
P70,3,1,"1,35",16/08/19,20/08/19,41,41,41,JL,OK
P70,3,2,"1,65",16/08/19,20/08/19,12,12,12,JL,OK
P70,3,3,0,16/08/19,20/08/19,28,28,28,JL,OK
P70,3,4,"0,9",16/08/19,20/08/19,43,43,43,JL,OK
P71,1,1,"0,9",16/08/19,19/08/19,6,6,6,JL,OK
P71,1,2,0,16/08/19,19/08/19,3,3,3,JL,OK
P71,1,3,"1,65",16/08/19,19/08/19,0,0,0,JL,OK
P71,1,4,"1,05",16/08/19,19/08/19,1,1,1,JL,OK
P71,2,1,"1,2",16/08/19,19/08/19,8,8,8,JL,OK
P71,2,2,"0,6",16/08/19,19/08/19,0,0,0,JL,OK
P71,2,3,"0,45",16/08/19,19/08/19,0,0,0,JL,OK
P71,2,4,"1,35",16/08/19,19/08/19,1,1,1,JL,OK
P71,3,1,"0,3",16/08/19,19/08/19,19,19,19,JL,OK
P71,3,2,"0,15",16/08/19,19/08/19,15,15,15,JL,OK
P71,3,3,"0,75",16/08/19,19/08/19,3,3,3,JL,OK
P71,3,4,"1,5",16/08/19,19/08/19,2,2,2,JL,OK
P72,1,1,"0,3",16/08/19,19/08/19,9,9,9,JL,OK
P72,1,2,"0,45",16/08/19,19/08/19,3,3,3,JL,OK
P72,1,3,"0,15",16/08/19,19/08/19,0,0,0,JL,OK
P72,1,4,"0,9",16/08/19,19/08/19,1,1,1,JL,OK
P72,2,1,"1,5",16/08/19,19/08/19,10,10,10,JL,OK
P72,2,2,0,16/08/19,19/08/19,8,8,8,JL,OK
P72,2,3,"1,65",16/08/19,19/08/19,0,0,0,JL,OK
P72,2,4,"0,6",16/08/19,19/08/19,0,0,0,JL,OK
P72,3,1,"1,2",16/08/19,19/08/19,16,16,16,JL,OK
P72,3,2,"1,35",16/08/19,19/08/19,8,8,8,JL,OK
P72,3,3,"0,75",16/08/19,19/08/19,1,1,1,JL,OK
P72,3,4,"1,05",16/08/19,19/08/19,4,4,4,JL,OK
P73,1,1,"0,6",16/08/19,19/08/19,16,16,16,JL,OK
P73,1,2,"0,75",16/08/19,19/08/19,4,4,4,JL,OK
P73,1,3,"1,2",16/08/19,19/08/19,3,3,3,JL,OK
P73,1,4,"1,35",16/08/19,19/08/19,3,3,3,JL,OK
P73,2,1,"0,9",16/08/19,19/08/19,43,43,43,JL,OK
P73,2,2,0,16/08/19,19/08/19,27,27,27,JL,OK
P73,2,3,"1,65",16/08/19,19/08/19,0,0,0,JL,OK
P73,2,4,"0,3",16/08/19,19/08/19,1,1,1,JL,OK
P73,3,1,"1,05",16/08/19,19/08/19,10,10,10,JL,OK
P73,3,2,"0,15",16/08/19,19/08/19,38,38,38,JL,OK
P73,3,3,"0,45",16/08/19,19/08/19,3,3,3,JL,OK
P73,3,4,"1,5",16/08/19,19/08/19,17,17,17,JL,OK
P74,1,1,"0,15",16/08/19,19/08/19,5,5,5,JL,OK
P74,1,2,"1,05",16/08/19,19/08/19,4,4,4,JL,OK
P74,1,3,"0,45",16/08/19,19/08/19,5,5,5,JL,OK
P74,1,4,"1,2",16/08/19,19/08/19,8,8,8,JL,OK
P74,2,1,"1,65",16/08/19,19/08/19,0,0,0,JL,OK
P74,2,2,"1,5",16/08/19,19/08/19,1,1,1,JL,OK
P74,2,3,"0,75",16/08/19,19/08/19,0,0,0,JL,OK
P74,2,4,"0,6",16/08/19,19/08/19,14,14,14,JL,OK
P74,3,1,"1,35",16/08/19,19/08/19,13,13,13,JL,OK
P74,3,2,"0,3",16/08/19,19/08/19,22,22,22,JL,OK
P74,3,3,0,16/08/19,19/08/19,20,20,20,JL,OK
P74,3,4,"0,9",16/08/19,19/08/19,21,21,21,JL,OK
P75,1,1,0,16/08/19,20/08/19,3,3,3,JL,OK
P75,1,2,"0,15",16/08/19,20/08/19,9,9,9,JL,OK
P75,1,3,"1,2",16/08/19,20/08/19,8,8,8,JL,OK
P75,1,4,"1,05",16/08/19,20/08/19,1,1,1,JL,OK
P75,2,1,"0,9",16/08/19,20/08/19,18,18,18,JL,OK
P75,2,2,"0,45",16/08/19,20/08/19,15,15,15,JL,OK
P75,2,3,"0,6",16/08/19,20/08/19,1,1,1,JL,OK
P75,2,4,"0,75",16/08/19,20/08/19,11,11,11,JL,OK
P75,3,1,"0,3",16/08/19,20/08/19,12,12,12,JL,OK
P75,3,2,"1,65",16/08/19,20/08/19,27,27,27,JL,OK
P75,3,3,"1,35",16/08/19,20/08/19,29,29,29,JL,OK
P75,3,4,"1,5",16/08/19,20/08/19,42,42,42,JL,OK
P76,1,1,"0,45",16/08/19,20/08/19,31,31,31,JL,OK
P76,1,2,"0,3",16/08/19,20/08/19,10,10,10,JL,OK
P76,1,3,"1,2",16/08/19,20/08/19,3,3,3,JL,OK
P76,1,4,"1,05",16/08/19,20/08/19,2,2,2,JL,OK
P76,2,1,"0,75",16/08/19,20/08/19,18,18,18,JL,OK
P76,2,2,"1,65",16/08/19,20/08/19,1,1,1,JL,OK
P76,2,3,0,16/08/19,20/08/19,1,1,1,JL,OK
P76,2,4,"0,9",16/08/19,20/08/19,1,1,1,JL,OK
P76,3,1,"1,5",16/08/19,20/08/19,26,26,26,JL,OK
P76,3,2,"0,15",16/08/19,20/08/19,9,9,9,JL,OK
P76,3,3,"1,35",16/08/19,20/08/19,6,6,6,JL,OK
P76,3,4,"0,6",16/08/19,20/08/19,7,7,7,JL,OK
P77,1,1,"0,6",16/08/19,19/08/19,18,18,18,JL,OK
P77,1,2,"1,2",16/08/19,19/08/19,10,10,10,JL,OK
P77,1,3,"0,3",16/08/19,19/08/19,3,3,3,JL,OK
P77,1,4,"1,05",16/08/19,19/08/19,12,12,12,JL,OK
P77,2,1,"1,5",16/08/19,19/08/19,21,21,21,JL,OK
P77,2,2,"0,15",16/08/19,19/08/19,4,4,4,JL,OK
P77,2,3,"0,9",16/08/19,19/08/19,18,18,18,JL,OK
P77,2,4,"0,75",16/08/19,19/08/19,2,2,2,JL,OK
P77,3,1,"1,35",16/08/19,19/08/19,38,38,38,JL,OK
P77,3,2,"0,45",16/08/19,19/08/19,26,26,26,JL,OK
P77,3,3,"1,65",16/08/19,19/08/19,7,7,7,JL,OK
P77,3,4,0,16/08/19,19/08/19,20,20,20,JL,OK
P78,1,1,"0,9",16/08/19,19/08/19,8,8,8,JL,OK
P78,1,2,"0,3",16/08/19,19/08/19,0,0,0,JL,OK
P78,1,3,"1,35",16/08/19,19/08/19,4,4,4,JL,OK
P78,1,4,"0,6",16/08/19,19/08/19,6,6,6,JL,OK
P78,2,1,"1,5",16/08/19,19/08/19,5,5,5,JL,OK
P78,2,2,"0,15",16/08/19,19/08/19,2,2,2,JL,OK
P78,2,3,"0,75",16/08/19,19/08/19,0,0,0,JL,OK
P78,2,4,"1,65",16/08/19,19/08/19,1,1,1,JL,OK
P78,3,1,0,16/08/19,19/08/19,16,16,16,JL,OK
P78,3,2,"1,2",16/08/19,19/08/19,7,7,7,JL,OK
P78,3,3,"1,05",16/08/19,19/08/19,3,3,3,JL,OK
P78,3,4,"0,45",16/08/19,19/08/19,27,27,27,JL,OK
P79,1,1,"1,5",16/08/19,19/08/19,8,8,8,JL,OK
P79,1,2,"0,75",16/08/19,19/08/19,0,0,0,JL,OK
P79,1,3,"1,65",16/08/19,19/08/19,5,5,5,JL,OK
P79,1,4,"0,15",16/08/19,19/08/19,0,0,0,JL,OK
P79,2,1,"1,2",16/08/19,19/08/19,5,5,5,JL,OK
P79,2,2,"1,05",16/08/19,19/08/19,0,0,0,JL,OK
P79,2,3,"0,9",16/08/19,19/08/19,9,9,9,JL,OK
P79,2,4,"0,45",16/08/19,19/08/19,3,3,3,JL,OK
P79,3,1,"0,3",16/08/19,19/08/19,26,26,26,JL,OK
P79,3,2,0,16/08/19,19/08/19,25,25,25,JL,OK
P79,3,3,"0,6",16/08/19,19/08/19,6,6,6,JL,OK
P79,3,4,"1,35",16/08/19,19/08/19,22,22,22,JL,OK
P80,1,1,0,16/08/19,19/08/19,0,0,0,JL,OK
P80,1,2,"0,6",16/08/19,19/08/19,0,0,0,JL,OK
P80,1,3,"0,9",16/08/19,19/08/19,0,0,0,JL,OK
P80,1,4,"0,3",16/08/19,19/08/19,9,9,9,JL,OK
P80,2,1,"0,15",16/08/19,19/08/19,0,0,0,JL,OK
P80,2,2,"1,5",16/08/19,19/08/19,0,0,0,JL,OK
P80,2,3,"1,35",16/08/19,19/08/19,0,0,0,JL,OK
P80,2,4,"1,2",16/08/19,19/08/19,0,0,0,JL,OK
P80,3,1,"1,05",16/08/19,19/08/19,8,8,8,JL,OK
P80,3,2,"1,65",16/08/19,19/08/19,3,3,3,JL,OK
P80,3,3,"0,45",16/08/19,19/08/19,0,0,0,JL,OK
P80,3,4,"0,75",16/08/19,19/08/19,12,12,12,JL,OK
P81,1,1,"0,15",16/08/19,19/08/19,14,14,14,JL,OK
P81,1,2,"0,3",16/08/19,19/08/19,29,29,29,JL,OK
P81,1,3,"1,2",16/08/19,19/08/19,0,0,0,JL,OK
P81,1,4,"0,9",16/08/19,19/08/19,4,4,4,JL,OK
P81,2,1,"1,05",16/08/19,19/08/19,6,6,6,JL,OK
P81,2,2,0,16/08/19,19/08/19,3,3,3,JL,OK
P81,2,3,"1,35",16/08/19,19/08/19,0,0,0,JL,OK
P81,2,4,"0,45",16/08/19,19/08/19,3,3,3,JL,OK
P81,3,1,"0,6",16/08/19,19/08/19,2,2,2,JL,OK
P81,3,2,"1,5",16/08/19,19/08/19,6,6,6,JL,OK
P81,3,3,"1,65",16/08/19,19/08/19,5,5,5,JL,OK
P81,3,4,"0,75",16/08/19,19/08/19,2,2,2,JL,OK
P82,1,1,"0,75",16/08/19,20/08/19,6,6,6,JL,OK
P82,1,2,"0,45",16/08/19,20/08/19,4,4,4,JL,OK
P82,1,3,"0,15",16/08/19,20/08/19,4,4,4,JL,OK
P82,1,4,0,16/08/19,20/08/19,10,10,10,JL,OK
P82,2,1,"1,35",16/08/19,20/08/19,12,12,12,JL,OK
P82,2,2,"1,5",16/08/19,20/08/19,6,6,6,JL,OK
P82,2,3,"1,65",16/08/19,20/08/19,11,11,11,JL,OK
P82,2,4,"1,2",16/08/19,20/08/19,13,13,13,JL,OK
P82,3,1,"0,3",16/08/19,20/08/19,84,84,84,JL,OK
P82,3,2,"0,9",16/08/19,20/08/19,7,7,7,JL,OK
P82,3,3,"1,05",16/08/19,20/08/19,14,14,14,JL,OK
P82,3,4,"0,6",16/08/19,20/08/19,16,16,16,JL,OK
P83,1,1,0,16/08/19,19/08/19,8,8,8,JL,OK
P83,1,2,"1,05",16/08/19,19/08/19,4,4,4,JL,OK
P83,1,3,"1,65",16/08/19,19/08/19,0,0,0,JL,OK
P83,1,4,"1,5",16/08/19,19/08/19,0,0,0,JL,OK
P83,2,1,"1,2",16/08/19,19/08/19,1,1,1,JL,OK
P83,2,2,"0,45",16/08/19,19/08/19,0,0,0,JL,OK
P83,2,3,"0,75",16/08/19,19/08/19,0,0,0,JL,OK
P83,2,4,"1,35",16/08/19,19/08/19,0,0,0,JL,OK
P83,3,1,"0,3",16/08/19,19/08/19,7,7,7,JL,OK
P83,3,2,"0,6",16/08/19,19/08/19,1,1,1,JL,OK
P83,3,3,"0,15",16/08/19,19/08/19,3,3,3,JL,OK
P83,3,4,"0,9",16/08/19,19/08/19,0,0,0,JL,OK
P84,1,1,"1,2",16/08/19,19/08/19,48,48,48,JL,OK
P84,1,2,"1,5",16/08/19,19/08/19,3,3,3,JL,OK
P84,1,3,"0,9",16/08/19,19/08/19,0,0,0,JL,OK
P84,1,4,"0,75",16/08/19,19/08/19,2,2,2,JL,OK
P84,2,1,"1,35",16/08/19,19/08/19,21,21,21,JL,OK
P84,2,2,"0,15",16/08/19,19/08/19,0,0,0,JL,OK
P84,2,3,0,16/08/19,19/08/19,0,0,0,JL,OK
P84,2,4,"0,6",16/08/19,19/08/19,0,0,0,JL,OK
P84,3,1,"1,65",16/08/19,19/08/19,28,28,28,JL,OK
P84,3,2,"0,45",16/08/19,19/08/19,8,8,8,JL,OK
P84,3,3,"1,05",16/08/19,19/08/19,9,9,9,JL,OK
P84,3,4,"0,3",16/08/19,19/08/19,16,16,16,JL,OK
P85,1,1,"0,6",16/08/19,19/08/19,25,25,25,JL,OK
P85,1,2,"1,65",16/08/19,19/08/19,17,17,17,JL,OK
P85,1,3,0,16/08/19,19/08/19,0,0,0,JL,OK
P85,1,4,"1,5",16/08/19,19/08/19,0,0,0,JL,OK
P85,2,1,"0,75",16/08/19,19/08/19,4,4,4,JL,OK
P85,2,2,"0,3",16/08/19,19/08/19,2,2,2,JL,OK
P85,2,3,"0,45",16/08/19,19/08/19,1,1,1,JL,OK
P85,2,4,"0,15",16/08/19,19/08/19,0,0,0,JL,OK
P85,3,1,"0,9",16/08/19,19/08/19,5,5,5,JL,OK
P85,3,2,"1,05",16/08/19,19/08/19,7,7,7,JL,OK
P85,3,3,"1,2",16/08/19,19/08/19,6,6,6,JL,OK
P85,3,4,"1,35",16/08/19,19/08/19,0,0,0,JL,OK
P86,1,1,"0,3",16/08/19,19/08/19,9,9,9,JL,OK
P86,1,2,"0,6",16/08/19,19/08/19,0,0,0,JL,OK
P86,1,3,"1,2",16/08/19,19/08/19,0,0,0,JL,OK
P86,1,4,"0,15",16/08/19,19/08/19,2,2,2,JL,OK
P86,2,1,0,16/08/19,19/08/19,9,9,9,JL,OK
P86,2,2,"1,35",16/08/19,19/08/19,0,0,0,JL,OK
P86,2,3,"0,75",16/08/19,19/08/19,0,0,0,JL,OK
P86,2,4,"1,65",16/08/19,19/08/19,1,1,1,JL,OK
P86,3,1,"0,9",16/08/19,19/08/19,23,23,23,JL,OK
P86,3,2,"0,45",16/08/19,19/08/19,7,7,7,JL,OK
P86,3,3,"1,5",16/08/19,19/08/19,1,1,1,JL,OK
P86,3,4,"1,05",16/08/19,19/08/19,2,2,2,JL,OK
P87,1,1,"1,2",16/08/19,19/08/19,1,1,1,JL,OK
P87,1,2,"0,9",16/08/19,19/08/19,0,0,0,JL,OK
P87,1,3,"1,65",16/08/19,19/08/19,0,0,0,JL,OK
P87,1,4,"1,35",16/08/19,19/08/19,13,13,13,JL,OK
P87,2,1,"0,6",16/08/19,19/08/19,5,5,5,JL,OK
P87,2,2,"0,3",16/08/19,19/08/19,13,13,13,JL,OK
P87,2,3,"1,05",16/08/19,19/08/19,0,0,0,JL,OK
P87,2,4,0,16/08/19,19/08/19,7,7,7,JL,OK
P87,3,1,"0,75",16/08/19,19/08/19,43,43,43,JL,OK
P87,3,2,"0,45",16/08/19,19/08/19,28,28,28,JL,OK
P87,3,3,"0,15",16/08/19,19/08/19,13,13,13,JL,OK
P87,3,4,"1,5",16/08/19,19/08/19,7,7,7,JL,OK
P88,1,1,"0,75",16/08/19,19/08/19,3,3,3,JL,OK
P88,1,2,"0,9",16/08/19,19/08/19,0,0,0,JL,OK
P88,1,3,"0,6",16/08/19,19/08/19,0,0,0,JL,OK
P88,1,4,"1,2",16/08/19,19/08/19,0,0,0,JL,OK
P88,2,1,0,16/08/19,19/08/19,0,0,0,JL,OK
P88,2,2,"0,3",16/08/19,19/08/19,1,1,1,JL,OK
P88,2,3,"0,15",16/08/19,19/08/19,0,0,0,JL,OK
P88,2,4,"1,65",16/08/19,19/08/19,12,12,12,JL,OK
P88,3,1,"1,5",16/08/19,19/08/19,7,7,7,JL,OK
P88,3,2,"1,35",16/08/19,19/08/19,1,1,1,JL,OK
P88,3,3,"1,05",16/08/19,19/08/19,0,0,0,JL,OK
P88,3,4,"0,45",16/08/19,19/08/19,0,0,0,JL,OK
P89,1,1,"1,65",16/08/19,19/08/19,11,11,11,JL,OK
P89,1,2,"0,3",16/08/19,19/08/19,6,6,6,JL,OK
P89,1,3,0,16/08/19,19/08/19,0,0,0,JL,OK
P89,1,4,"1,2",16/08/19,19/08/19,0,0,0,JL,OK
P89,2,1,"1,05",16/08/19,19/08/19,2,2,2,JL,OK
P89,2,2,"0,15",16/08/19,19/08/19,0,0,0,JL,OK
P89,2,3,"0,45",16/08/19,19/08/19,4,4,4,JL,OK
P89,2,4,"1,35",16/08/19,19/08/19,1,1,1,JL,OK
P89,3,1,"1,5",16/08/19,19/08/19,4,4,4,JL,OK
P89,3,2,"0,6",16/08/19,19/08/19,5,5,5,JL,OK
P89,3,3,"0,75",16/08/19,19/08/19,9,9,9,JL,OK
P89,3,4,"0,9",16/08/19,19/08/19,2,2,2,JL,OK
P90,1,1,"1,65",16/08/19,20/08/19,10,10,10,JL,OK
P90,1,2,"1,5",16/08/19,20/08/19,0,0,0,JL,OK
P90,1,3,"0,6",16/08/19,20/08/19,0,0,0,JL,OK
P90,1,4,"1,35",16/08/19,20/08/19,5,5,5,JL,OK
P90,2,1,0,16/08/19,20/08/19,2,2,2,JL,OK
P90,2,2,"0,75",16/08/19,20/08/19,0,0,0,JL,OK
P90,2,3,"0,15",16/08/19,20/08/19,3,3,3,JL,OK
P90,2,4,"1,2",16/08/19,20/08/19,9,9,9,JL,OK
P90,3,1,"0,45",16/08/19,20/08/19,21,21,21,JL,OK
P90,3,2,"0,9",16/08/19,20/08/19,0,0,0,JL,OK
P90,3,3,"0,3",16/08/19,20/08/19,0,0,0,JL,OK
P90,3,4,"1,05",16/08/19,20/08/19,26,26,26,JL,OK
P91,1,1,"0,9",16/08/19,20/08/19,4,4,4,JL,OK
P91,1,2,"0,6",16/08/19,20/08/19,8,8,8,JL,OK
P91,1,3,"1,05",16/08/19,20/08/19,11,11,11,JL,OK
P91,1,4,"0,45",16/08/19,20/08/19,29,29,29,JL,OK
P91,2,1,"0,15",16/08/19,20/08/19,15,15,15,JL,OK
P91,2,2,"1,5",16/08/19,20/08/19,11,11,11,JL,OK
P91,2,3,0,16/08/19,20/08/19,13,13,13,JL,OK
P91,2,4,"1,2",16/08/19,20/08/19,1,1,1,JL,OK
P91,3,1,"0,3",16/08/19,20/08/19,6,6,6,JL,OK
P91,3,2,"0,75",16/08/19,20/08/19,17,17,17,JL,OK
P91,3,3,"1,65",16/08/19,20/08/19,19,19,19,JL,OK
P91,3,4,"1,35",16/08/19,20/08/19,24,24,24,JL,OK
P92,1,1,"0,6",16/08/19,19/08/19,27,27,27,JL,OK
P92,1,2,"0,15",16/08/19,19/08/19,14,14,14,JL,OK
P92,1,3,"1,5",16/08/19,19/08/19,18,18,18,JL,OK
P92,1,4,"1,2",16/08/19,19/08/19,3,3,3,JL,OK
P92,2,1,0,16/08/19,19/08/19,7,7,7,JL,OK
P92,2,2,"0,45",16/08/19,19/08/19,6,6,6,JL,OK
P92,2,3,"0,3",16/08/19,19/08/19,5,5,5,JL,OK
P92,2,4,"0,75",16/08/19,19/08/19,4,4,4,JL,OK
P92,3,1,"1,05",16/08/19,19/08/19,29,29,29,JL,OK
P92,3,2,"1,65",16/08/19,19/08/19,6,6,6,JL,OK
P92,3,3,"1,35",16/08/19,19/08/19,4,4,4,JL,OK
P92,3,4,"0,9",16/08/19,19/08/19,9,9,9,JL,OK
P93,1,1,"0,6",16/08/19,19/08/19,0,0,0,JL,OK
P93,1,2,"1,65",16/08/19,19/08/19,0,0,0,JL,OK
P93,1,3,"1,2",16/08/19,19/08/19,0,0,0,JL,OK
P93,1,4,"0,3",16/08/19,19/08/19,0,0,0,JL,OK
P93,2,1,"0,9",16/08/19,19/08/19,0,0,0,JL,OK
P93,2,2,"0,75",16/08/19,19/08/19,0,0,0,JL,OK
P93,2,3,"1,05",16/08/19,19/08/19,0,0,0,JL,OK
P93,2,4,0,16/08/19,19/08/19,0,0,0,JL,OK
P93,3,1,"1,35",16/08/19,19/08/19,0,0,0,JL,OK
P93,3,2,"0,15",16/08/19,19/08/19,4,4,4,JL,OK
P93,3,3,"1,5",16/08/19,20/08/19,3,3,3,JL,OK
P93,3,4,"0,45",16/08/19,20/08/19,1,1,1,JL,OK
P94,1,1,"0,6",16/08/19,20/08/19,9,9,9,JL,OK
P94,1,2,0,16/08/19,20/08/19,12,12,12,JL,OK
P94,1,3,"0,15",16/08/19,20/08/19,13,13,13,JL,OK
P94,1,4,"0,75",16/08/19,20/08/19,15,15,15,JL,OK
P94,2,1,"0,45",16/08/19,20/08/19,11,11,11,JL,OK
P94,2,2,"0,9",16/08/19,20/08/19,0,0,0,JL,OK
P94,2,3,"1,65",16/08/19,20/08/19,1,1,1,JL,OK
P94,2,4,"0,3",16/08/19,20/08/19,3,3,3,JL,OK
P94,3,1,"1,35",16/08/19,20/08/19,15,15,15,JL,OK
P94,3,2,"1,2",16/08/19,20/08/19,21,21,21,JL,OK
P94,3,3,"1,05",16/08/19,20/08/19,7,7,7,JL,OK
P94,3,4,"1,5",16/08/19,20/08/19,14,14,14,JL,OK
P95,1,1,"0,75",16/08/19,20/08/19,40,40,40,JL,OK
P95,1,2,"0,3",16/08/19,20/08/19,6,6,6,JL,OK
P95,1,3,"1,65",16/08/19,20/08/19,2,2,2,JL,OK
P95,1,4,"0,45",16/08/19,20/08/19,21,21,21,JL,OK
P95,2,1,"0,15",16/08/19,20/08/19,7,7,7,JL,OK
P95,2,2,"1,35",16/08/19,20/08/19,1,1,1,JL,OK
P95,2,3,0,16/08/19,20/08/19,2,2,2,JL,OK
P95,2,4,"0,6",16/08/19,20/08/19,5,5,5,JL,OK
P95,3,1,"1,5",16/08/19,20/08/19,28,28,28,JL,OK
P95,3,2,"1,05",16/08/19,20/08/19,52,52,52,JL,OK
P95,3,3,"0,9",16/08/19,20/08/19,6,6,6,JL,OK
P95,3,4,"1,2",16/08/19,20/08/19,8,8,8,JL,OK
P96,1,1,"0,3",16/08/19,20/08/19,17,17,17,JL,OK
P96,1,2,"0,15",16/08/19,20/08/19,12,12,12,JL,OK
P96,1,3,0,16/08/19,20/08/19,19,19,19,JL,OK
P96,1,4,"0,75",16/08/19,20/08/19,8,8,8,JL,OK
P96,2,1,"0,45",16/08/19,20/08/19,7,7,7,JL,OK
P96,2,2,"0,9",16/08/19,20/08/19,0,0,0,JL,OK
P96,2,3,"1,05",16/08/19,20/08/19,4,4,4,JL,OK
P96,2,4,"1,2",16/08/19,20/08/19,6,6,6,JL,OK
P96,3,1,"1,65",16/08/19,20/08/19,2,2,2,JL,OK
P96,3,2,"1,35",16/08/19,20/08/19,3,3,3,JL,OK
P96,3,3,"1,5",16/08/19,20/08/19,17,17,17,JL,OK
P96,3,4,"0,6",16/08/19,20/08/19,3,3,3,JL,OK
P97,1,1,"0,15",16/08/19,19/08/19,24,24,24,JL,OK
P97,1,2,"1,05",16/08/19,19/08/19,2,2,2,JL,OK
P97,1,3,"1,35",16/08/19,19/08/19,3,3,3,JL,OK
P97,1,4,"0,6",16/08/19,19/08/19,5,5,5,JL,OK
P97,2,1,"0,45",16/08/19,19/08/19,23,23,23,JL,OK
P97,2,2,"1,65",16/08/19,19/08/19,6,6,6,JL,OK
P97,2,3,"0,75",16/08/19,19/08/19,0,0,0,JL,OK
P97,2,4,0,16/08/19,19/08/19,3,3,3,JL,OK
P97,3,1,"1,2",16/08/19,19/08/19,72,72,72,JL,OK
P97,3,2,"0,3",16/08/19,19/08/19,7,7,7,JL,OK
P97,3,3,"1,5",16/08/19,19/08/19,15,15,15,JL,OK
P97,3,4,"0,9",16/08/19,19/08/19,0,0,0,JL,OK
P98,1,1,"0,15",16/08/19,19/08/19,12,12,12,JL,OK
P98,1,2,"1,2",16/08/19,19/08/19,3,3,3,JL,OK
P98,1,3,"1,5",16/08/19,19/08/19,3,3,3,JL,OK
P98,1,4,"0,6",16/08/19,19/08/19,15,15,15,JL,OK
P98,2,1,"0,9",16/08/19,19/08/19,12,12,12,JL,OK
P98,2,2,"0,3",16/08/19,19/08/19,7,7,7,JL,OK
P98,2,3,"1,05",16/08/19,19/08/19,6,6,6,JL,OK
P98,2,4,"0,45",16/08/19,19/08/19,23,23,23,JL,OK
P98,3,1,"0,75",16/08/19,19/08/19,6,6,6,JL,OK
P98,3,2,"1,35",16/08/19,19/08/19,7,7,7,JL,OK
P98,3,3,"1,65",16/08/19,19/08/19,16,16,16,JL,OK
P98,3,4,0,16/08/19,19/08/19,8,8,8,JL,OK
P99,1,1,"1,2",16/08/19,19/08/19,18,18,18,JL,OK
P99,1,2,"0,45",16/08/19,19/08/19,15,15,15,JL,OK
P99,1,3,"0,6",16/08/19,19/08/19,10,10,10,JL,OK
P99,1,4,0,16/08/19,19/08/19,63,63,63,JL,OK
P99,2,1,"1,05",16/08/19,19/08/19,24,24,24,JL,OK
P99,2,2,"1,35",16/08/19,19/08/19,0,0,0,JL,OK
P99,2,3,"0,75",16/08/19,19/08/19,1,1,1,JL,OK
P99,2,4,"0,9",16/08/19,19/08/19,8,8,8,JL,OK
P99,3,1,"1,5",16/08/19,19/08/19,0,0,0,JL,OK
P99,3,2,"1,65",16/08/19,19/08/19,1,1,1,JL,OK
P99,3,3,"0,15",16/08/19,19/08/19,2,2,2,JL,OK
P99,3,4,"0,3",16/08/19,19/08/19,12,12,12,JL,OK
P100,1,1,"1,2",16/08/19,19/08/19,8,8,8,JL,OK
P100,1,2,"0,9",16/08/19,19/08/19,10,10,10,JL,OK
P100,1,3,"1,5",16/08/19,19/08/19,2,2,2,JL,OK
P100,1,4,"0,6",16/08/19,19/08/19,28,28,28,JL,OK
P100,2,1,"0,15",16/08/19,19/08/19,15,15,15,JL,OK
P100,2,2,"1,35",16/08/19,19/08/19,5,5,5,JL,OK
P100,2,3,"0,45",16/08/19,19/08/19,0,0,0,JL,OK
P100,2,4,"1,05",16/08/19,19/08/19,44,44,44,JL,OK
P100,3,1,0,16/08/19,19/08/19,14,14,14,JL,OK
P100,3,2,"0,3",16/08/19,19/08/19,6,6,6,JL,OK
P100,3,3,"0,75",16/08/19,19/08/19,14,14,14,JL,OK
P100,3,4,"1,65",16/08/19,19/08/19,54,54,54,JL,OK
P101,1,1,"0,15",16/08/19,19/08/19,2,2,2,JL,OK
P101,1,2,"1,35",16/08/19,19/08/19,4,4,4,JL,OK
P101,1,3,"0,6",16/08/19,19/08/19,8,8,8,JL,OK
P101,1,4,"0,75",16/08/19,19/08/19,1,1,1,JL,OK
P101,2,1,"0,45",16/08/19,19/08/19,0,0,0,JL,OK
P101,2,2,"0,3",16/08/19,19/08/19,0,0,0,JL,OK
P101,2,3,"1,2",16/08/19,19/08/19,1,1,1,JL,OK
P101,2,4,"1,65",16/08/19,19/08/19,14,14,14,JL,OK
P101,3,1,0,16/08/19,19/08/19,5,5,5,JL,OK
P101,3,2,"1,5",16/08/19,19/08/19,4,4,4,JL,OK
P101,3,3,"0,9",16/08/19,19/08/19,5,5,5,JL,OK
P101,3,4,"1,05",16/08/19,19/08/19,1,1,1,JL,OK
P102,1,1,"0,3",16/08/19,19/08/19,7,7,7,JL,OK
P102,1,2,0,16/08/19,19/08/19,1,1,1,JL,OK
P102,1,3,"1,35",16/08/19,19/08/19,5,5,5,JL,OK
P102,1,4,"0,6",16/08/19,19/08/19,7,7,7,JL,OK
P102,2,1,"0,45",16/08/19,19/08/19,15,15,15,JL,OK
P102,2,2,"1,2",16/08/19,19/08/19,0,0,0,JL,OK
P102,2,3,"1,65",16/08/19,19/08/19,0,0,0,JL,OK
P102,2,4,"0,15",16/08/19,19/08/19,4,4,4,JL,OK
P102,3,1,"1,5",16/08/19,19/08/19,7,7,7,JL,OK
P102,3,2,"1,05",16/08/19,19/08/19,6,6,6,JL,OK
P102,3,3,"0,9",16/08/19,19/08/19,3,3,3,JL,OK
P102,3,4,"0,75",16/08/19,19/08/19,14,14,14,JL,OK
P103,1,1,"1,2",16/08/19,19/08/19,0,0,0,JL,OK
P103,1,2,0,16/08/19,19/08/19,2,2,2,JL,OK
P103,1,3,"0,15",16/08/19,19/08/19,4,4,4,JL,OK
P103,1,4,"1,65",16/08/19,19/08/19,35,35,35,JL,OK
P103,2,1,"0,75",16/08/19,19/08/19,2,2,2,JL,OK
P103,2,2,"0,3",16/08/19,19/08/19,0,0,0,JL,OK
P103,2,3,"0,45",16/08/19,19/08/19,0,0,0,JL,OK
P103,2,4,"0,6",16/08/19,19/08/19,16,16,16,JL,OK
P103,3,1,"0,9",16/08/19,19/08/19,8,8,8,JL,OK
P103,3,2,"1,5",16/08/19,19/08/19,12,12,12,JL,OK
P103,3,3,"1,05",16/08/19,19/08/19,15,15,15,JL,OK
P103,3,4,"1,35",16/08/19,19/08/19,14,14,14,JL,OK
P104,1,1,"0,45",16/08/19,20/08/19,8,8,8,JL,OK
P104,1,2,"1,2",16/08/19,20/08/19,13,13,13,JL,OK
P104,1,3,"0,3",16/08/19,20/08/19,23,23,23,JL,OK
P104,1,4,"0,9",16/08/19,20/08/19,62,62,62,JL,OK
P104,2,1,0,16/08/19,20/08/19,2,2,2,JL,OK
P104,2,2,"0,75",16/08/19,20/08/19,0,0,0,JL,OK
P104,2,3,"1,05",16/08/19,20/08/19,0,0,0,JL,OK
P104,2,4,"1,5",16/08/19,20/08/19,16,16,16,JL,OK
P104,3,1,"1,65",16/08/19,20/08/19,1,1,1,JL,OK
P104,3,2,"0,6",16/08/19,20/08/19,6,6,6,JL,OK
P104,3,3,"1,35",16/08/19,20/08/19,6,6,6,JL,OK
P104,3,4,"0,15",16/08/19,20/08/19,17,17,17,JL,OK
P105,1,1,"0,3",16/08/19,19/08/19,13,13,13,JL,OK
P105,1,2,"0,45",16/08/19,19/08/19,17,17,17,JL,OK
P105,1,3,0,16/08/19,19/08/19,6,6,6,JL,OK
P105,1,4,"0,9",16/08/19,19/08/19,12,12,12,JL,OK
P105,2,1,"1,2",16/08/19,19/08/19,13,13,13,JL,OK
P105,2,2,"1,5",16/08/19,19/08/19,5,5,5,JL,OK
P105,2,3,"1,35",16/08/19,19/08/19,2,2,2,JL,OK
P105,2,4,"0,15",16/08/19,19/08/19,3,3,3,JL,OK
P105,3,1,"1,65",16/08/19,19/08/19,22,22,22,JL,OK
P105,3,2,"0,6",16/08/19,19/08/19,20,20,20,JL,OK
P105,3,3,"1,05",16/08/19,19/08/19,16,16,16,JL,OK
P105,3,4,"0,75",16/08/19,19/08/19,3,3,3,JL,OK
P106,1,1,"0,6",16/08/19,19/08/19,0,0,0,JL,OK
P106,1,2,0,16/08/19,19/08/19,0,0,0,JL,OK
P106,1,3,"0,3",16/08/19,19/08/19,0,0,0,JL,OK
P106,1,4,"1,65",16/08/19,19/08/19,1,1,1,JL,OK
P106,2,1,"1,05",16/08/19,19/08/19,0,0,0,JL,OK
P106,2,2,"0,75",16/08/19,19/08/19,2,2,2,JL,OK
P106,2,3,"0,9",16/08/19,19/08/19,3,3,3,JL,OK
P106,2,4,"1,35",16/08/19,19/08/19,6,6,6,JL,OK
P106,3,1,"0,15",16/08/19,19/08/19,21,21,21,JL,OK
P106,3,2,"1,5",16/08/19,19/08/19,0,0,0,JL,OK
P106,3,3,"0,45",16/08/19,19/08/19,1,1,1,JL,OK
P106,3,4,"1,2",16/08/19,19/08/19,19,19,19,JL,OK
P107,1,1,"1,05",16/08/19,19/08/19,0,0,0,JL,OK
P107,1,2,"0,6",16/08/19,19/08/19,10,10,10,JL,OK
P107,1,3,"0,9",16/08/19,19/08/19,3,3,3,JL,OK
P107,1,4,"0,75",16/08/19,19/08/19,15,15,15,JL,OK
P107,2,1,0,16/08/19,19/08/19,9,9,9,JL,OK
P107,2,2,"1,2",16/08/19,19/08/19,10,10,10,JL,OK
P107,2,3,"0,15",16/08/19,19/08/19,0,0,0,JL,OK
P107,2,4,"0,3",16/08/19,19/08/19,0,0,0,JL,OK
P107,3,1,"0,45",16/08/19,19/08/19,51,51,51,JL,OK
P107,3,2,"1,5",16/08/19,19/08/19,4,4,4,JL,OK
P107,3,3,"1,65",16/08/19,19/08/19,27,27,27,JL,OK
P107,3,4,"1,35",16/08/19,19/08/19,3,3,3,JL,OK
P108,1,1,"1,5",16/08/19,19/08/19,44,44,44,JL,OK
P108,1,2,"0,6",16/08/19,19/08/19,3,3,3,JL,OK
P108,1,3,"1,2",16/08/19,19/08/19,0,0,0,JL,OK
P108,1,4,"0,75",16/08/19,19/08/19,7,7,7,JL,OK
P108,2,1,"0,3",16/08/19,19/08/19,8,8,8,JL,OK
P108,2,2,"0,9",16/08/19,19/08/19,12,12,12,JL,OK
P108,2,3,"0,45",16/08/19,19/08/19,0,0,0,JL,OK
P108,2,4,"1,65",16/08/19,19/08/19,6,6,6,JL,OK
P108,3,1,"1,05",16/08/19,19/08/19,11,11,11,JL,OK
P108,3,2,0,16/08/19,19/08/19,45,45,45,JL,OK
P108,3,3,"0,15",16/08/19,19/08/19,13,13,13,JL,OK
P108,3,4,"1,35",16/08/19,19/08/19,0,0,0,JL,OK
P109,1,1,"1,05",16/08/19,19/08/19,3,3,3,JL,OK
P109,1,2,"0,45",16/08/19,19/08/19,17,17,17,JL,OK
P109,1,3,"1,5",16/08/19,19/08/19,0,0,0,JL,OK
P109,1,4,"1,35",16/08/19,19/08/19,28,28,28,JL,OK
P109,2,1,"0,15",16/08/19,19/08/19,0,0,0,JL,OK
P109,2,2,"0,3",16/08/19,19/08/19,5,5,5,JL,OK
P109,2,3,"0,75",16/08/19,19/08/19,4,4,4,JL,OK
P109,2,4,"1,65",16/08/19,19/08/19,3,3,3,JL,OK
P109,3,1,"0,6",16/08/19,19/08/19,9,9,9,JL,OK
P109,3,2,0,16/08/19,19/08/19,1,1,1,JL,OK
P109,3,3,"0,9",16/08/19,19/08/19,4,4,4,JL,OK
P109,3,4,"1,2",16/08/19,19/08/19,14,14,14,JL,OK
P111,1,1,"1,5",16/08/19,20/08/19,12,12,12,JL,OK
P111,1,2,"1,05",16/08/19,20/08/19,4,4,4,JL,OK
P111,1,3,"0,3",16/08/19,20/08/19,32,32,32,JL,OK
P111,1,4,"0,15",16/08/19,20/08/19,17,17,17,JL,OK
P111,2,1,"1,2",16/08/19,20/08/19,8,8,8,JL,OK
P111,2,2,"0,9",16/08/19,20/08/19,23,23,23,JL,OK
P111,2,3,"0,6",16/08/19,20/08/19,0,0,0,JL,OK
P111,2,4,"1,35",16/08/19,20/08/19,7,7,7,JL,OK
P111,3,1,"0,75",16/08/19,20/08/19,25,25,25,JL,OK
P111,3,2,0,16/08/19,20/08/19,14,14,14,JL,OK
P111,3,3,"1,65",16/08/19,20/08/19,0,0,0,JL,OK
P111,3,4,"0,45",16/08/19,20/08/19,29,29,29,JL,OK
P112,1,1,"0,75",16/08/19,19/08/19,40,40,40,JL,OK
P112,1,2,"0,45",16/08/19,19/08/19,34,34,34,JL,OK
P112,1,3,"1,05",16/08/19,19/08/19,42,42,42,JL,OK
P112,1,4,"0,3",16/08/19,19/08/19,0,0,0,JL,OK
P112,2,1,"1,5",16/08/19,19/08/19,14,14,14,JL,OK
P112,2,2,"0,6",16/08/19,19/08/19,13,13,13,JL,OK
P112,2,3,0,16/08/19,19/08/19,13,13,13,JL,OK
P112,2,4,"0,9",16/08/19,19/08/19,1,1,1,JL,OK
P112,3,1,"1,65",16/08/19,19/08/19,28,28,28,JL,OK
P112,3,2,"0,15",16/08/19,19/08/19,31,31,31,JL,OK
P112,3,3,"1,35",16/08/19,19/08/19,20,20,20,JL,OK
P112,3,4,"1,2",16/08/19,19/08/19,2,2,2,JL,OK
P113,1,1,"1,05",16/08/19,20/08/19,22,22,22,JL,OK
P113,1,2,0,16/08/19,20/08/19,16,16,16,JL,OK
P113,1,3,"1,2",16/08/19,20/08/19,10,10,10,JL,OK
P113,1,4,"0,9",16/08/19,20/08/19,8,8,8,JL,OK
P113,2,1,"0,3",16/08/19,20/08/19,7,7,7,JL,OK
P113,2,2,"0,75",16/08/19,20/08/19,16,16,16,JL,OK
P113,2,3,"1,5",16/08/19,20/08/19,0,0,0,JL,OK
P113,2,4,"0,15",16/08/19,20/08/19,2,2,2,JL,OK
P113,3,1,"1,35",16/08/19,20/08/19,1,1,1,JL,OK
P113,3,2,"0,45",16/08/19,20/08/19,19,19,19,JL,OK
P113,3,3,"1,65",16/08/19,20/08/19,0,0,0,JL,OK
P113,3,4,"0,6",16/08/19,20/08/19,12,12,12,JL,OK
P114,1,1,0,16/08/19,19/08/19,11,11,11,JL,OK
P114,1,2,"1,35",16/08/19,19/08/19,3,3,3,JL,OK
P114,1,3,"0,75",16/08/19,19/08/19,0,0,0,JL,OK
P114,1,4,"0,15",16/08/19,19/08/19,8,8,8,JL,OK
P114,2,1,"1,2",16/08/19,19/08/19,19,19,19,JL,OK
P114,2,2,"1,05",16/08/19,19/08/19,6,6,6,JL,OK
P114,2,3,"1,65",16/08/19,19/08/19,1,1,1,JL,OK
P114,2,4,"0,9",16/08/19,19/08/19,5,5,5,JL,OK
P114,3,1,"1,5",16/08/19,19/08/19,21,21,21,JL,OK
P114,3,2,"0,6",16/08/19,19/08/19,16,16,16,JL,OK
P114,3,3,"0,3",16/08/19,19/08/19,0,0,0,JL,OK
P114,3,4,"0,45",16/08/19,19/08/19,10,10,10,JL,OK
P115,1,1,"0,6",16/08/19,19/08/19,2,2,2,JL,OK
P115,1,2,"1,65",16/08/19,19/08/19,0,0,0,JL,OK
P115,1,3,"0,9",16/08/19,19/08/19,4,4,4,JL,OK
P115,1,4,"0,45",16/08/19,19/08/19,10,10,10,JL,OK
P115,2,1,"1,05",16/08/19,19/08/19,0,0,0,JL,OK
P115,2,2,"1,2",16/08/19,19/08/19,0,0,0,JL,OK
P115,2,3,"1,5",16/08/19,19/08/19,1,1,1,JL,OK
P115,2,4,"1,35",16/08/19,19/08/19,0,0,0,JL,OK
P115,3,1,"0,75",16/08/19,19/08/19,2,2,2,JL,OK
P115,3,2,"0,3",16/08/19,19/08/19,6,6,6,JL,OK
P115,3,3,0,16/08/19,19/08/19,14,14,14,JL,OK
P115,3,4,"0,15",16/08/19,19/08/19,16,16,16,JL,OK
P116,1,1,"0,6",16/08/19,20/08/19,3,3,3,JL,OK
P116,1,2,"0,3",16/08/19,20/08/19,13,13,13,JL,OK
P116,1,3,"0,9",16/08/19,20/08/19,9,9,9,JL,OK
P116,1,4,"1,05",16/08/19,20/08/19,32,32,32,JL,OK
P116,2,1,"0,45",16/08/19,20/08/19,7,7,7,JL,OK
P116,2,2,"0,15",16/08/19,20/08/19,36,36,36,JL,OK
P116,2,3,"0,75",16/08/19,20/08/19,0,0,0,JL,OK
P116,2,4,"1,65",16/08/19,20/08/19,0,0,0,JL,OK
P116,3,1,"1,2",16/08/19,20/08/19,6,6,6,JL,OK
P116,3,2,"1,35",16/08/19,20/08/19,12,12,12,JL,OK
P116,3,3,0,16/08/19,20/08/19,48,48,48,JL,OK
P116,3,4,"1,5",16/08/19,20/08/19,12,12,12,JL,OK
P117,1,1,"1,35",16/08/19,19/08/19,15,15,15,JL,OK
P117,1,2,"0,6",16/08/19,19/08/19,0,0,0,JL,OK
P117,1,3,"1,65",16/08/19,19/08/19,0,0,0,JL,OK
P117,1,4,"0,45",16/08/19,19/08/19,8,8,8,JL,OK
P117,2,1,"1,5",16/08/19,19/08/19,19,19,19,JL,OK
P117,2,2,"0,9",16/08/19,19/08/19,0,0,0,JL,OK
P117,2,3,"0,3",16/08/19,19/08/19,0,0,0,JL,OK
P117,2,4,"1,05",16/08/19,19/08/19,9,9,9,JL,OK
P117,3,1,"1,2",16/08/19,19/08/19,3,3,3,JL,OK
P117,3,2,"0,15",16/08/19,19/08/19,3,3,3,JL,OK
P117,3,3,"0,75",16/08/19,19/08/19,5,5,5,JL,OK
P117,3,4,0,16/08/19,19/08/19,3,3,3,JL,OK
P118,1,1,0,16/08/19,19/08/19,17,17,17,JL,OK
P118,1,2,"1,65",16/08/19,19/08/19,3,3,3,JL,OK
P118,1,3,"1,05",16/08/19,19/08/19,9,9,9,JL,OK
P118,1,4,"0,15",16/08/19,19/08/19,20,20,20,JL,OK
P118,2,1,"1,2",16/08/19,19/08/19,1,1,1,JL,OK
P118,2,2,"0,75",16/08/19,19/08/19,3,3,3,JL,OK
P118,2,3,"0,9",16/08/19,19/08/19,2,2,2,JL,OK
P118,2,4,"0,6",16/08/19,19/08/19,2,2,2,JL,OK
P118,3,1,"1,5",16/08/19,19/08/19,4,4,4,JL,OK
P118,3,2,"0,3",16/08/19,19/08/19,6,6,6,JL,OK
P118,3,3,"0,45",16/08/19,19/08/19,34,34,34,JL,OK
P118,3,4,"1,35",16/08/19,19/08/19,15,15,15,JL,OK
P119,1,1,"0,3",16/08/19,20/08/19,17,17,17,JL,OK
P119,1,2,"0,75",16/08/19,20/08/19,6,6,6,JL,OK
P119,1,3,0,16/08/19,20/08/19,10,10,10,JL,OK
P119,1,4,"0,45",16/08/19,20/08/19,1,1,1,JL,OK
P119,2,1,"1,2",16/08/19,20/08/19,26,26,26,JL,OK
P119,2,2,"0,6",16/08/19,20/08/19,1,1,1,JL,OK
P119,2,3,"1,35",16/08/19,20/08/19,0,0,0,JL,OK
P119,2,4,"1,05",16/08/19,20/08/19,0,0,0,JL,OK
P119,3,1,"0,9",16/08/19,20/08/19,25,25,25,JL,OK
P119,3,2,"1,5",16/08/19,20/08/19,1,1,1,JL,OK
P119,3,3,"0,15",16/08/19,20/08/19,2,2,2,JL,OK
P119,3,4,"1,65",16/08/19,20/08/19,4,4,4,JL,OK
P120,1,1,"1,65",16/08/19,19/08/19,13,13,13,JL,OK
P120,1,2,"1,2",16/08/19,19/08/19,22,22,22,JL,OK
P120,1,3,"0,75",16/08/19,19/08/19,6,6,6,JL,OK
P120,1,4,"0,9",16/08/19,19/08/19,7,7,7,JL,OK
P120,2,1,"0,6",16/08/19,19/08/19,39,39,39,JL,OK
P120,2,2,"0,3",16/08/19,19/08/19,5,5,5,JL,OK
P120,2,3,"0,15",16/08/19,19/08/19,7,7,7,JL,OK
P120,2,4,"1,05",16/08/19,19/08/19,6,6,6,JL,OK
P120,3,1,"1,5",16/08/19,19/08/19,24,24,24,JL,OK
P120,3,2,0,16/08/19,19/08/19,37,37,37,JL,OK
P120,3,3,"1,35",16/08/19,19/08/19,19,19,19,JL,OK
P120,3,4,"0,45",16/08/19,19/08/19,27,27,27,JL,OK
P121,1,1,"0,45",16/08/19,19/08/19,5,5,5,JL,OK
P121,1,2,"0,75",16/08/19,19/08/19,9,9,9,JL,OK
P121,1,3,"1,35",16/08/19,19/08/19,0,0,0,JL,OK
P121,1,4,"0,15",16/08/19,19/08/19,19,19,19,JL,OK
P121,2,1,"1,2",16/08/19,19/08/19,3,3,3,JL,OK
P121,2,2,"0,9",16/08/19,19/08/19,10,10,10,JL,OK
P121,2,3,"1,05",16/08/19,19/08/19,20,20,20,JL,OK
P121,2,4,0,16/08/19,19/08/19,9,9,9,JL,OK
P121,3,1,"0,3",16/08/19,19/08/19,8,8,8,JL,OK
P121,3,2,"0,6",16/08/19,19/08/19,13,13,13,JL,OK
P121,3,3,"1,65",16/08/19,19/08/19,14,14,14,JL,OK
P121,3,4,"1,5",16/08/19,19/08/19,5,5,5,JL,OK
P122,1,1,"0,45",16/08/19,19/08/19,41,41,41,JL,OK
P122,1,2,"0,9",16/08/19,19/08/19,15,15,15,JL,OK
P122,1,3,"0,6",16/08/19,19/08/19,0,0,0,JL,OK
P122,1,4,0,16/08/19,19/08/19,0,0,0,JL,OK
P122,2,1,"1,05",16/08/19,19/08/19,11,11,11,JL,OK
P122,2,2,"1,35",16/08/19,19/08/19,7,7,7,JL,OK
P122,2,3,"0,15",16/08/19,19/08/19,9,9,9,JL,OK
P122,2,4,"0,3",16/08/19,19/08/19,0,0,0,JL,OK
P122,3,1,"1,65",16/08/19,19/08/19,33,33,33,JL,OK
P122,3,2,"1,2",16/08/19,19/08/19,26,26,26,JL,OK
P122,3,3,"1,5",16/08/19,19/08/19,4,4,4,JL,OK
P122,3,4,"0,75",16/08/19,19/08/19,5,5,5,JL,OK
P123,1,1,"0,6",16/08/19,19/08/19,0,0,0,JL,OK
P123,1,2,"0,75",16/08/19,19/08/19,4,4,4,JL,OK
P123,1,3,"0,15",16/08/19,19/08/19,5,5,5,JL,OK
P123,1,4,"0,3",16/08/19,19/08/19,1,1,1,JL,OK
P123,2,1,"1,05",16/08/19,19/08/19,4,4,4,JL,OK
P123,2,2,"1,35",16/08/19,19/08/19,6,6,6,JL,OK
P123,2,3,0,16/08/19,19/08/19,6,6,6,JL,OK
P123,2,4,"0,45",16/08/19,19/08/19,2,2,2,JL,OK
P123,3,1,"1,2",16/08/19,19/08/19,4,4,4,JL,OK
P123,3,2,"0,9",16/08/19,19/08/19,29,29,29,JL,OK
P123,3,3,"1,5",16/08/19,19/08/19,12,12,12,JL,OK
P123,3,4,"1,65",16/08/19,19/08/19,2,2,2,JL,OK
P124,1,1,"1,5",16/08/19,19/08/19,42,42,42,JL,OK
P124,1,2,"1,35",16/08/19,19/08/19,12,12,12,JL,OK
P124,1,3,"1,2",16/08/19,19/08/19,16,16,16,JL,OK
P124,1,4,"0,3",16/08/19,19/08/19,6,6,6,JL,OK
P124,2,1,"1,05",16/08/19,19/08/19,24,24,24,JL,OK
P124,2,2,"1,65",16/08/19,19/08/19,0,0,0,JL,OK
P124,2,3,0,16/08/19,19/08/19,0,0,0,JL,OK
P124,2,4,"0,9",16/08/19,19/08/19,2,2,2,JL,OK
P124,3,1,"0,15",16/08/19,19/08/19,39,39,39,JL,OK
P124,3,2,"0,75",16/08/19,19/08/19,7,7,7,JL,OK
P124,3,3,"0,45",16/08/19,19/08/19,18,18,18,JL,OK
P124,3,4,"0,6",16/08/19,19/08/19,21,21,21,JL,OK
P125,1,1,0,16/08/19,19/08/19,16,16,16,JL,OK
P125,1,2,"0,9",16/08/19,19/08/19,10,10,10,JL,OK
P125,1,3,"0,45",16/08/19,19/08/19,1,1,1,JL,OK
P125,1,4,"1,35",16/08/19,19/08/19,0,0,0,JL,OK
P125,2,1,"0,3",16/08/19,19/08/19,14,14,14,JL,OK
P125,2,2,"0,75",16/08/19,19/08/19,4,4,4,JL,OK
P125,2,3,"0,6",16/08/19,19/08/19,0,0,0,JL,OK
P125,2,4,"1,2",16/08/19,19/08/19,0,0,0,JL,OK
P125,3,1,"1,5",16/08/19,19/08/19,10,10,10,JL,OK
P125,3,2,"0,15",16/08/19,19/08/19,1,1,1,JL,OK
P125,3,3,"1,65",16/08/19,19/08/19,15,15,15,JL,OK
P125,3,4,"1,05",16/08/19,19/08/19,7,7,7,JL,OK
P126,1,1,0,16/08/19,19/08/19,33,33,33,JL,OK
P126,1,2,"0,15",16/08/19,19/08/19,8,8,8,JL,OK
P126,1,3,"0,6",16/08/19,19/08/19,21,21,21,JL,OK
P126,1,4,"1,65",16/08/19,19/08/19,0,0,0,JL,OK
P126,2,1,"1,05",16/08/19,19/08/19,5,5,5,JL,OK
P126,2,2,"0,45",16/08/19,19/08/19,4,4,4,JL,OK
P126,2,3,"1,5",16/08/19,19/08/19,0,0,0,JL,OK
P126,2,4,"1,35",16/08/19,19/08/19,0,0,0,JL,OK
P126,3,1,"1,2",16/08/19,19/08/19,29,29,29,JL,OK
P126,3,2,"0,9",16/08/19,19/08/19,10,10,10,JL,OK
P126,3,3,"0,3",16/08/19,19/08/19,11,11,11,JL,OK
P126,3,4,"0,75",16/08/19,19/08/19,1,1,1,JL,OK
P127,1,1,0,16/08/19,20/08/19,6,6,6,JL,OK
P127,1,2,"1,35",16/08/19,20/08/19,2,2,2,JL,OK
P127,1,3,"1,5",16/08/19,20/08/19,1,1,1,JL,OK
P127,1,4,"0,6",16/08/19,20/08/19,5,5,5,JL,OK
P127,2,1,"0,3",16/08/19,20/08/19,3,3,3,JL,OK
P127,2,2,"1,65",16/08/19,20/08/19,0,0,0,JL,OK
P127,2,3,"0,15",16/08/19,20/08/19,0,0,0,JL,OK
P127,2,4,"0,75",16/08/19,20/08/19,0,0,0,JL,OK
P127,3,1,"1,05",16/08/19,20/08/19,2,2,2,JL,OK
P127,3,2,"0,45",16/08/19,20/08/19,23,23,23,JL,OK
P127,3,3,"1,2",16/08/19,20/08/19,21,21,21,JL,OK
P127,3,4,"0,9",16/08/19,20/08/19,9,9,9,JL,OK
P128,1,1,"1,05",16/08/19,19/08/19,2,2,2,JL,OK
P128,1,2,"0,6",16/08/19,19/08/19,1,1,1,JL,OK
P128,1,3,"1,5",16/08/19,19/08/19,21,21,21,JL,OK
P128,1,4,"1,2",16/08/19,19/08/19,47,47,47,JL,OK
P128,2,1,"0,3",16/08/19,19/08/19,0,0,0,JL,OK
P128,2,2,"0,75",16/08/19,19/08/19,6,6,6,JL,OK
P128,2,3,"1,65",16/08/19,19/08/19,2,2,2,JL,OK
P128,2,4,0,16/08/19,19/08/19,27,27,27,JL,OK
P128,3,1,"1,35",16/08/19,19/08/19,3,3,3,JL,OK
P128,3,2,"0,9",16/08/19,19/08/19,16,16,16,JL,OK
P128,3,3,"0,45",16/08/19,19/08/19,6,6,6,JL,OK
P128,3,4,"0,15",16/08/19,19/08/19,12,12,12,JL,OK
P129,1,1,"1,65",16/08/19,19/08/19,33,33,33,JL,OK
P129,1,2,"0,45",16/08/19,19/08/19,2,2,2,JL,OK
P129,1,3,"0,6",16/08/19,19/08/19,7,7,7,JL,OK
P129,1,4,"1,5",16/08/19,19/08/19,1,1,1,JL,OK
P129,2,1,0,16/08/19,19/08/19,6,6,6,JL,OK
P129,2,2,"1,35",16/08/19,19/08/19,21,21,21,JL,OK
P129,2,3,"0,75",16/08/19,19/08/19,0,0,0,JL,OK
P129,2,4,"1,05",16/08/19,19/08/19,0,0,0,JL,OK
P129,3,1,"0,9",16/08/19,19/08/19,57,57,57,JL,OK
P129,3,2,"0,3",16/08/19,19/08/19,12,12,12,JL,OK
P129,3,3,"1,2",16/08/19,19/08/19,12,12,12,JL,OK
P129,3,4,"0,15",16/08/19,19/08/19,3,3,3,JL,OK
P131,1,1,"0,6",16/08/19,19/08/19,2,2,2,JL,OK
P131,1,2,"0,45",16/08/19,19/08/19,0,0,0,JL,OK
P131,1,3,"1,5",16/08/19,19/08/19,1,1,1,JL,OK
P131,1,4,"0,15",16/08/19,19/08/19,1,1,1,JL,OK
P131,2,1,"1,65",16/08/19,19/08/19,0,0,0,JL,OK
P131,2,2,"0,9",16/08/19,19/08/19,0,0,0,JL,OK
P131,2,3,"1,2",16/08/19,19/08/19,1,1,1,JL,OK
P131,2,4,"1,05",16/08/19,19/08/19,0,0,0,JL,OK
P131,3,1,"1,35",16/08/19,19/08/19,0,0,0,JL,OK
P131,3,2,0,16/08/19,19/08/19,13,13,13,JL,OK
P131,3,3,"0,75",16/08/19,19/08/19,5,5,5,JL,OK
P131,3,4,"0,3",16/08/19,19/08/19,2,2,2,JL,OK
P132,1,1,"0,6",16/08/19,19/08/19,24,24,24,JL,OK
P132,1,2,"1,2",16/08/19,19/08/19,11,11,11,JL,OK
P132,1,3,"1,35",16/08/19,19/08/19,27,27,27,JL,OK
P132,1,4,"0,3",16/08/19,19/08/19,4,4,4,JL,OK
P132,2,1,"1,05",16/08/19,19/08/19,29,29,29,JL,OK
P132,2,2,"0,75",16/08/19,19/08/19,23,23,23,JL,OK
P132,2,3,0,16/08/19,19/08/19,3,3,3,JL,OK
P132,2,4,"0,45",16/08/19,19/08/19,4,4,4,JL,OK
P132,3,1,"1,5",16/08/19,19/08/19,21,21,21,JL,OK
P132,3,2,"0,15",16/08/19,19/08/19,6,6,6,JL,OK
P132,3,3,"1,65",16/08/19,19/08/19,40,40,40,JL,OK
P132,3,4,"0,9",16/08/19,19/08/19,8,8,8,JL,OK
P133,1,1,"0,45",16/08/19,19/08/19,0,0,0,JL,OK
P133,1,2,"0,3",16/08/19,19/08/19,0,0,0,JL,OK
P133,1,3,"1,2",16/08/19,19/08/19,5,5,5,JL,OK
P133,1,4,"0,6",16/08/19,19/08/19,0,0,0,JL,OK
P133,2,1,"1,5",16/08/19,19/08/19,9,9,9,JL,OK
P133,2,2,"0,75",16/08/19,19/08/19,13,13,13,JL,OK
P133,2,3,"1,65",16/08/19,19/08/19,10,10,10,JL,OK
P133,2,4,"1,05",16/08/19,19/08/19,0,0,0,JL,OK
P133,3,1,0,16/08/19,19/08/19,2,2,2,JL,OK
P133,3,2,"1,35",16/08/19,19/08/19,26,26,26,JL,OK
P133,3,3,"0,9",16/08/19,19/08/19,2,2,2,JL,OK
P133,3,4,"0,15",16/08/19,19/08/19,9,9,9,JL,OK
P134,1,1,"0,3",16/08/19,19/08/19,25,25,25,JL,OK
P134,1,2,"0,45",16/08/19,19/08/19,3,3,3,JL,OK
P134,1,3,"0,9",16/08/19,19/08/19,8,8,8,JL,OK
P134,1,4,"1,35",16/08/19,19/08/19,9,9,9,JL,OK
P134,2,1,"0,15",16/08/19,19/08/19,8,8,8,JL,OK
P134,2,2,"0,75",16/08/19,19/08/19,6,6,6,JL,OK
P134,2,3,"1,5",16/08/19,19/08/19,3,3,3,JL,OK
P134,2,4,"0,6",16/08/19,19/08/19,27,27,27,JL,OK
P134,3,1,"1,2",16/08/19,19/08/19,9,9,9,JL,OK
P134,3,2,0,16/08/19,19/08/19,17,17,17,JL,OK
P134,3,3,"1,05",16/08/19,19/08/19,7,7,7,JL,OK
P134,3,4,"1,65",16/08/19,19/08/19,18,18,18,JL,OK
P136,1,1,"1,65",16/08/19,19/08/19,27,27,27,JL,OK
P136,1,2,"1,05",16/08/19,19/08/19,7,7,7,JL,OK
P136,1,3,"0,3",16/08/19,19/08/19,0,0,0,JL,OK
P136,1,4,"1,5",16/08/19,19/08/19,2,2,2,JL,OK
P136,2,1,"0,75",16/08/19,19/08/19,14,14,14,JL,OK
P136,2,2,"1,2",16/08/19,19/08/19,0,0,0,JL,OK
P136,2,3,"0,9",16/08/19,19/08/19,0,0,0,JL,OK
P136,2,4,0,16/08/19,19/08/19,6,6,6,JL,OK
P136,3,1,"1,35",16/08/19,19/08/19,5,5,5,JL,OK
P136,3,2,"0,6",16/08/19,19/08/19,7,7,7,JL,OK
P136,3,3,"0,15",16/08/19,19/08/19,1,1,1,JL,OK
P136,3,4,"0,45",16/08/19,19/08/19,5,5,5,JL,OK
P139,1,1,"1,65",16/08/19,19/08/19,34,34,34,JL,OK
P139,1,2,"0,45",16/08/19,19/08/19,20,20,20,JL,OK
P139,1,3,"1,5",16/08/19,19/08/19,0,0,0,JL,OK
P139,1,4,"1,2",16/08/19,19/08/19,3,3,3,JL,OK
P139,2,1,"1,05",16/08/19,19/08/19,10,10,10,JL,OK
P139,2,2,"0,15",16/08/19,19/08/19,2,2,2,JL,OK
P139,2,3,"0,3",16/08/19,19/08/19,13,13,13,JL,OK
P139,2,4,"0,6",16/08/19,19/08/19,5,5,5,JL,OK
P139,3,1,"0,75",16/08/19,19/08/19,6,6,6,JL,OK
P139,3,2,"1,35",16/08/19,19/08/19,5,5,5,JL,OK
P139,3,3,0,16/08/19,19/08/19,2,2,2,JL,OK
P139,3,4,"0,9",16/08/19,19/08/19,0,0,0,JL,OK
P140,1,1,"0,45",16/08/19,19/08/19,76,76,76,JL,OK
P140,1,2,"0,75",16/08/19,19/08/19,5,5,5,JL,OK
P140,1,3,"0,3",16/08/19,19/08/19,11,11,11,JL,OK
P140,1,4,"1,05",16/08/19,19/08/19,19,19,19,JL,OK
P140,2,1,"0,9",16/08/19,19/08/19,5,5,5,JL,OK
P140,2,2,"1,35",16/08/19,19/08/19,13,13,13,JL,OK
P140,2,3,"0,6",16/08/19,19/08/19,0,0,0,JL,OK
P140,2,4,"0,15",16/08/19,19/08/19,3,3,3,JL,OK
P140,3,1,"1,2",16/08/19,19/08/19,0,0,0,JL,OK
P140,3,2,0,16/08/19,19/08/19,2,2,2,JL,OK
P140,3,3,"1,65",16/08/19,19/08/19,0,0,0,JL,OK
P140,3,4,"1,5",16/08/19,19/08/19,0,0,0,JL,OK
P141,1,1,"1,5",16/08/19,19/08/19,23,23,23,JL,OK
P141,1,2,"1,2",16/08/19,19/08/19,13,13,13,JL,OK
P141,1,3,0,16/08/19,19/08/19,26,26,26,JL,OK
P141,1,4,"0,3",16/08/19,19/08/19,4,4,4,JL,OK
P141,2,1,"0,9",16/08/19,19/08/19,2,2,2,JL,OK
P141,2,2,"0,75",16/08/19,19/08/19,1,1,1,JL,OK
P141,2,3,"1,65",16/08/19,19/08/19,5,5,5,JL,OK
P141,2,4,"0,45",16/08/19,19/08/19,2,2,2,JL,OK
P141,3,1,"1,35",16/08/19,19/08/19,1,1,1,JL,OK
P141,3,2,"1,05",16/08/19,19/08/19,1,1,1,JL,OK
P141,3,3,"0,15",16/08/19,19/08/19,0,0,0,JL,OK
P141,3,4,"0,6",16/08/19,19/08/19,4,4,4,JL,OK
P142,1,1,"0,45",16/08/19,19/08/19,0,0,0,JL,OK
P142,1,2,"0,6",16/08/19,19/08/19,10,10,10,JL,OK
P142,1,3,"1,05",16/08/19,19/08/19,15,15,15,JL,OK
P142,1,4,"1,35",16/08/19,19/08/19,29,29,29,JL,OK
P142,2,1,0,16/08/19,19/08/19,5,5,5,JL,OK
P142,2,2,"1,65",16/08/19,19/08/19,10,10,10,JL,OK
P142,2,3,"0,9",16/08/19,19/08/19,7,7,7,JL,OK
P142,2,4,"1,2",16/08/19,19/08/19,2,2,2,JL,OK
P142,3,1,"0,3",16/08/19,19/08/19,12,12,12,JL,OK
P142,3,2,"0,75",16/08/19,19/08/19,2,2,2,JL,OK
P142,3,3,"1,5",16/08/19,19/08/19,9,9,9,JL,OK
P142,3,4,"0,15",16/08/19,19/08/19,9,9,9,JL,OK
P143,1,1,"1,65",16/08/19,19/08/19,1,1,1,JL,OK
P143,1,2,"1,05",16/08/19,19/08/19,0,0,0,JL,OK
P143,1,3,"1,35",16/08/19,19/08/19,2,2,2,JL,OK
P143,1,4,"0,15",16/08/19,19/08/19,9,9,9,JL,OK
P143,2,1,"0,75",16/08/19,19/08/19,0,0,0,JL,OK
P143,2,2,0,16/08/19,19/08/19,0,0,0,JL,OK
P143,2,3,"0,45",16/08/19,19/08/19,0,0,0,JL,OK
P143,2,4,"1,5",16/08/19,19/08/19,0,0,0,JL,OK
P143,3,1,"0,9",16/08/19,19/08/19,7,7,7,JL,OK
P143,3,2,"1,2",16/08/19,19/08/19,2,2,2,JL,OK
P143,3,3,"0,6",16/08/19,19/08/19,1,1,1,JL,OK
P143,3,4,"0,3",16/08/19,19/08/19,1,1,1,JL,OK
